Date,yhat,yhat_lower,yhat_upper
2014-01-03,1359.425949564781,-1203.4359794849966,3809.127633404561
2014-01-04,992.2031630054964,-1499.6249105640238,3545.74275585183
2014-01-05,1011.974847334435,-1579.7996375112443,3382.1405248409924
2014-01-06,1170.3579894008392,-1341.5687996219533,3603.125489735692
2014-01-07,485.159554712733,-1963.130012322816,2935.5547101002794
2014-01-08,-534.3168472508303,-3132.3523949738333,1916.8399544449635
2014-01-09,371.649187156774,-2059.768207140775,2848.16556077696
2014-01-10,788.1239669888648,-1782.391021004746,3173.222456115799
2014-01-11,487.5708009773266,-2082.782909199502,2869.275285854384
2014-01-12,579.0088329078378,-1860.1038689690224,3009.9107007060675
2014-01-13,812.5847544756571,-1650.942713946659,3303.569046683297
2014-01-14,204.5589389450097,-2200.172425219941,2442.7749810083096
2014-01-15,-737.3526936743981,-3232.261997606677,1746.9285789955327
2014-01-16,244.97780002014812,-2344.069983632639,2666.2207820506887
2014-01-17,735.0560914832572,-1897.2683693238016,3075.5326614859573
2014-01-18,503.8526644421462,-2096.951889799124,2970.64049593413
2014-01-19,658.9961768180314,-1809.3240645571848,3202.3700313549043
2014-01-20,949.3774083359248,-1531.6884676249497,3554.8959941995317
2014-01-21,390.1645607762654,-2042.565958765812,2947.4226190898003
2014-01-22,-511.8294836612381,-2997.574160541214,1903.3047168992864
2014-01-23,500.8303176235305,-1978.699666040607,2803.622498601052
2014-01-24,1011.182973339092,-1509.1117633502454,3453.350550427452
2014-01-25,789.9693459526591,-1680.5907597938217,3146.3114265695376
2014-01-26,944.8307509217038,-1545.4854360214017,3443.6290882532617
2014-01-27,1224.912441003351,-1227.202045106604,3565.560588534871
2014-01-28,645.8727453857849,-1745.767680043642,3300.027267646752
2014-01-29,-284.76139034743824,-2931.732045018022,2224.902321657404
2014-01-30,691.366074939056,-1798.309418965999,3080.1880503562666
2014-01-31,1158.400202974389,-1371.4604817480872,3810.400602250804
2014-02-01,888.3467239973827,-1495.973732032119,3515.2872886719074
2014-02-02,990.2406631420444,-1797.268440265768,3438.106472274196
2014-02-03,1214.7168348892578,-1532.6671931979015,3568.764420893162
2014-02-04,578.9837638282075,-1844.4993788113013,3033.4104248670787
2014-02-05,-407.8573805952988,-2926.860962636639,1971.843988686862
2014-02-06,514.1105770915334,-1855.2911604135188,3056.851531998678
2014-02-07,930.5439978388554,-1538.849370332627,3472.480540282036
2014-02-08,614.8745771609614,-1841.085219637721,3124.4180738817336
2014-02-09,677.4445618702612,-1764.0744358396148,3256.251993866089
2014-02-10,870.0467136495229,-1667.5023082960422,3375.042774557856
2014-02-11,210.87129562613768,-2339.4636353707647,2760.314249785271
2014-02-12,-790.1977019043918,-3251.942818023261,1663.418654343794
2014-02-13,127.3228401554736,-2269.8321971258847,2771.1751994867054
2014-02-14,549.4255464115323,-1986.7505865414876,3031.5001214782674
2014-02-15,249.64133126655415,-2287.7456503510216,2845.1424491163266
2014-02-16,338.17283711627044,-2013.851269048398,2751.3675306592827
2014-02-17,566.4382177739175,-2178.4053069603674,2885.5317252815435
2014-02-18,-47.97257611960868,-2412.4329804729305,2382.365753302207
2014-02-19,-995.9870540825044,-3455.182734988688,1356.2002134314473
2014-02-20,-18.125420684722258,-2555.695217621049,2471.8404355172183
2014-02-21,470.4335145425241,-2125.572057273004,2968.669199025821
2014-02-22,241.908590587238,-2151.076074507612,2758.342865743007
2014-02-23,405.0802772136658,-1981.293170583577,2845.4271609818925
2014-02-24,709.8673281159535,-1934.012153563836,3322.632991373201
2014-02-25,172.31745872994316,-2351.993293766596,2506.2509320310546
2014-02-26,-700.0468187663491,-3294.6528570833966,1875.2517934353664
2014-02-27,350.7315159944011,-1867.656548598662,2774.667276295392
2014-02-28,908.0120585119176,-1608.4951215293524,3338.019261350356
2014-03-01,742.6454442824256,-1619.3099196472372,3261.403125326596
2014-03-02,962.1670329286004,-1650.1500172351691,3539.746206336514
2014-03-03,1315.4000785874714,-1155.7040895471418,3826.890815818182
2014-03-04,817.4691502284679,-1696.597870320834,3292.040830630532
2014-03-05,-24.83555715821808,-2726.340399704807,2521.4115840918275
2014-03-06,1045.9153170103182,-1371.092257066262,3387.2227261047224
2014-03-07,1612.7672817366172,-928.60086853199,3993.490685396025
2014-03-08,1446.4743219743098,-1067.9732943664665,4066.230398522549
2014-03-09,1654.6913759336005,-918.42053023445,4109.63040610511
2014-03-10,1986.5713367015212,-565.157583792042,4573.671944684462
2014-03-11,1457.7675687167196,-1185.580966974887,3836.323100881737
2014-03-12,575.7829190364744,-1922.888105533528,2879.0567744581303
2014-03-13,1598.9240019724157,-848.6376834252279,4077.130911461231
2014-03-14,2111.255502703384,-371.1671666179632,4631.872046519994
2014-03-15,1884.6670069657407,-796.1396191328049,4349.416034484807
2014-03-16,2028.037826461115,-426.65783638660776,4577.856880607982
2014-03-17,2291.804900126825,-457.1077732897314,4791.543916725325
2014-03-18,1692.935490381344,-725.663373638644,4049.73910688002
2014-03-19,740.2463870480767,-1809.5305164988329,3194.6007812509743
2014-03-20,1693.329115921082,-769.2569106654748,4279.1529284560365
2014-03-21,2137.4765839870447,-376.3093539316889,4543.556823920639
2014-03-22,1845.7243057907503,-678.2213557985834,4318.233783832443
2014-03-23,1927.992254037675,-571.1457322073802,4538.141637161194
2014-03-24,2135.6329104892147,-285.35244972091425,4635.417383852076
2014-03-25,1486.3876437294264,-901.7146070696422,4024.897998443062
2014-03-26,489.693436756308,-1982.771393714914,2835.198780134769
2014-03-27,1405.5996684099257,-1071.8774253453362,3792.466394486907
2014-03-28,1819.690481327408,-807.1062779133133,4257.153128723016
2014-03-29,1505.1258747142676,-948.8731334188818,4103.5253057676055
2014-03-30,1571.7874543308164,-930.9375795275064,3937.021939513658
2014-03-31,1770.834205639443,-677.0270213153724,4314.572648668618
2014-04-01,1119.0480925946033,-1389.595769151044,3663.308894191663
2014-04-02,126.02123064143098,-2330.209968391572,2485.1369443150934
2014-04-03,1051.2236634057338,-1278.681526030353,3474.9602652643
2014-04-04,1479.5669836203483,-1002.3141610981831,3982.971826786263
2014-04-05,1183.4662722922756,-1424.9674107065157,3760.2001878977294
2014-04-06,1272.0077287913327,-1366.2125510612789,3841.8697559515062
2014-04-07,1495.5267648454194,-953.221149581928,3866.453029245228
2014-04-08,870.5977982782143,-1675.7906398824568,3267.873240028331
2014-04-09,-94.6231837344501,-2500.695298856277,2567.942521510776
2014-04-10,858.5554227224054,-1613.1694816157362,3221.892842282712
2014-04-11,1314.3209034025365,-1091.828599683325,3785.092334966815
2014-04-12,1044.4344646323186,-1469.4874958203072,3442.2831209109754
2014-04-13,1157.412637521829,-1545.6454009985268,3549.980390049071
2014-04-14,1403.116338775593,-1092.069707333256,3851.8659163311054
2014-04-15,797.748624584782,-1771.884792730666,3357.7483966887985
2014-04-16,-150.7979060781413,-2687.166572385186,2590.701468023012
2014-04-17,816.014629078415,-1503.3902376125218,3276.4610863481807
2014-04-18,1282.3280656149227,-1225.7103465939313,3895.687094491899
2014-04-19,1019.96208766963,-1411.114226060491,3578.3718099494413
2014-04-20,1137.5885563670065,-1271.3528508490106,3700.502265157423
2014-04-21,1385.3110461345177,-1218.304283971685,3717.822992665332
2014-04-22,779.6509677405361,-1440.1785109246518,3396.363382029082
2014-04-23,-171.1183756419971,-2628.974411114276,2353.7604680531485
2014-04-24,791.9693144060737,-1523.451199067255,3297.16895318137
2014-04-25,1253.5165224773891,-1208.394850286929,3863.503515289479
2014-04-26,985.819953975856,-1429.7916717088892,3428.38324861634
2014-04-27,1098.0290782843344,-1415.5651476211942,3509.206506155317
2014-04-28,1340.710397468933,-1078.4538842826028,3849.895030216523
2014-04-29,730.8192346861285,-1829.5023600959985,3202.61359374776
2014-04-30,-222.9792335739162,-2473.393999659153,2131.9263477876857
2014-05-01,738.6197430611784,-1734.6363044191396,3065.1485337181134
2014-05-02,1200.494214758774,-1378.157472616403,3622.0932725388834
2014-05-03,935.1462328368488,-1412.5429454959376,3467.0964054094347
2014-05-04,1051.8553401564664,-1294.968861596644,3610.189674323833
2014-05-05,1301.2401483011993,-1259.2630437686832,3748.600599720094
2014-05-06,700.2298077196983,-2014.5513309218368,3143.7175952156517
2014-05-07,-242.6129601057978,-2742.466343321175,1986.3873698144307
2014-05-08,731.8420569453676,-1945.8557429824505,3076.897999041671
2014-05-09,1208.232507828004,-1259.518857229033,3756.300185720052
2014-05-10,958.762190786538,-1537.532152995876,3395.056844332929
2014-05-11,1092.3640708366077,-1372.9095399636396,3596.025837087714
2014-05-12,1359.272589343471,-1192.1770775967875,3826.002954682669
2014-05-13,776.0067354386717,-1670.4780217162156,3255.112684662938
2014-05-14,-149.2948041202742,-2797.1386449673305,2342.8646843868714
2014-05-15,842.0725486287629,-1762.5637649235152,3427.8442976362494
2014-05-16,1334.3312989462595,-1233.2448719262156,3877.508987264484
2014-05-17,1099.2921343586156,-1478.927332289681,3767.4577873370135
2014-05-18,1245.5276483867387,-1249.9251500042203,3814.3397052524415
2014-05-19,1522.9542256614784,-911.3600081682818,4089.3955163490073
2014-05-20,947.8233182977544,-1532.8803625700425,3520.8600608143297
2014-05-21,28.063233143058824,-2682.6261211816354,2627.5181318670748
2014-05-22,1022.2302504309118,-1497.8776006194616,3340.350568268807
2014-05-23,1514.463765404847,-1036.0798891331378,4079.751893302796
2014-05-24,1276.557813989583,-1184.010901381534,3957.5286325830825
2014-05-25,1417.1342200782076,-1109.301225831373,4051.98884300309
2014-05-26,1686.2221347094453,-830.3544316062237,4211.154345751585
2014-05-27,1100.2453079045822,-1343.036112497762,3831.755266006088
2014-05-28,167.35837037968577,-2699.2611430426477,2678.25313386952
2014-05-29,1146.391141344537,-1409.3764070941872,3748.750349633647
2014-05-30,1621.795881324615,-983.2238609850318,4118.373890024645
2014-05-31,1365.7101024649976,-1123.9646264453736,3727.817637187703
2014-06-01,1487.1204414463596,-1204.2391610351478,3997.530013004615
2014-06-02,1736.4326407670756,-910.049197134409,4207.123584171522
2014-06-03,1130.449254389359,-1374.3931498004426,3753.976401263443
2014-06-04,177.696621785753,-2463.375695528293,2527.693155904105
2014-06-05,1137.3603777058145,-1268.52359812514,3480.5929018236075
2014-06-06,1594.2246449077777,-1059.9786172665154,4002.591316289617
2014-06-07,1320.7277218926165,-1155.086661085497,3749.8708232131175
2014-06-08,1426.1199366741578,-1196.1826999503332,3930.1344029978086
2014-06-09,1661.0288405615784,-788.3027983416379,4240.701187039542
2014-06-10,1042.4334459777908,-1511.8734725296988,3531.1575137868126
2014-06-11,78.98909874507035,-2426.8776944340434,2760.5149845357705
2014-06-12,1029.9622568725076,-1480.488643283711,3566.410261412665
2014-06-13,1480.1702872047333,-1153.4585712484966,3925.96473130903
2014-06-14,1202.039017995015,-1310.36592829757,3612.60074927918
2014-06-15,1304.7636096475014,-1124.6594981358453,3779.99787182551
2014-06-16,1538.877778493295,-868.2084946457774,4048.1961906557167
2014-06-17,921.232913384648,-1558.7832134366931,3437.53172270118
2014-06-18,-39.6715080237052,-2407.495215606234,2617.152741867985
2014-06-19,915.2528720302446,-1591.4856200149495,3421.6668931023205
2014-06-20,1370.629365908744,-1342.0963438055535,3867.2092036978784
2014-06-21,1098.6801329660557,-1351.8518096112914,3677.947103964272
2014-06-22,1208.3932549613212,-1203.4850526642736,3613.989027479715
2014-06-23,1450.0978445129929,-1115.529739003576,3796.223375397372
2014-06-24,840.4485590633838,-1599.4361728573538,3320.878446382492
2014-06-25,-112.2392176760352,-2640.4530635847427,2292.6123715951494
2014-06-26,850.9554298462511,-1597.7892884401397,3432.4196232704458
2014-06-27,1314.508197465965,-1141.778032086455,3904.193801846573
2014-06-28,1050.441669494777,-1425.6863001052309,3323.482767231118
2014-06-29,1167.7159230077868,-1478.4230958404607,3602.918311254327
2014-06-30,1416.5818894292404,-1027.9850877716956,4078.8117152096647
2014-07-01,813.6394771124185,-1761.0645002399638,3437.9269898088687
2014-07-02,-132.82851498891023,-2730.599430047858,2356.77889468998
2014-07-03,836.0864147161947,-1710.0748019527196,3351.9212828037366
2014-07-04,1304.8651127338962,-1151.6031370387086,3614.747643315149
2014-07-05,1045.6238502049728,-1282.972026366231,3657.117342320769
2014-07-06,1167.2793227017955,-1249.1176174941097,3603.356675624087
2014-07-07,1420.1205770150784,-1108.5537922586943,3842.6202509730606
2014-07-08,820.7894276594548,-1521.5272443674803,3118.00606796275
2014-07-09,-122.38915914468998,-2492.8493807693694,2441.6570216856526
2014-07-10,849.5324762575684,-1863.8304306992504,3275.079852310226
2014-07-11,1321.0684478161606,-1241.8705737350865,3817.7384186368354
2014-07-12,1064.3600234284909,-1610.6936261677602,3649.320884579741
2014-07-13,1188.3388377207852,-1270.6775961215103,3792.016857020587
2014-07-14,1443.2976930856223,-1213.4931714534046,3817.971079655536
2014-07-15,845.8705541024763,-1618.815186487807,3332.295260897005
2014-07-16,-95.63677117340283,-2494.69189744864,2415.4248809709115
2014-07-17,877.6939155865703,-1711.9101546268028,3378.3512117429304
2014-07-18,1350.338638667316,-1269.3434512288904,3793.000605691838
2014-07-19,1094.39422923957,-1371.3775560339277,3511.0911117168994
2014-07-20,1218.7443399157,-1267.6608992501583,3703.019464641706
2014-07-21,1473.6334620585758,-1054.0415363034372,4009.897760371188
2014-07-22,875.6504288814925,-1445.9739417766457,3512.874502054892
2014-07-23,-66.93723646247645,-2540.3331660732047,2538.3774484425103
2014-07-24,904.7609089153208,-1548.3983943570313,3459.975591117826
2014-07-25,1375.2072177210432,-1082.5386612146892,3921.041691189912
2014-07-26,1116.502216213528,-1420.8301257578437,3678.640519796614
2014-07-27,1237.5534935284445,-1191.5422538467126,3638.2988717014814
2014-07-28,1488.652060375962,-955.1969718786072,4028.364039643726
2014-07-29,886.4575498974935,-1444.642237595834,3466.589022238619
2014-07-30,-60.6664715767929,-2596.322515643037,2353.5159068104203
2014-07-31,906.2918832930492,-1603.7059714071866,3463.58565087348
2014-08-01,1371.9411207990145,-959.7505373582392,3829.552887467403
2014-08-02,1108.5510680753118,-1290.743134608101,3542.017549185304
2014-08-03,1225.2193377653334,-1275.3107860963455,3621.574221256242
2014-08-04,1472.4444329137907,-841.8771651195323,4160.2166769424375
2014-08-05,867.1069242329709,-1550.8294868665798,3261.7361080695
2014-08-06,-82.19994875496695,-2559.622842267398,2297.581691458959
2014-08-07,883.7688200873315,-1534.2876317958833,3532.276701073459
2014-08-08,1349.8525558706658,-1228.1332035437777,3924.756283815589
2014-08-09,1088.5435437744543,-1376.1852396727313,3750.7587992089775
2014-08-10,1209.1472698307673,-1230.0737203764097,3733.739284521677
2014-08-11,1462.0759889113515,-1025.8430712386516,4029.834767143271
2014-08-12,864.6437625505738,-1569.1009523182631,3480.299440181382
2014-08-13,-74.42861598879381,-2676.837658633473,2570.033756697844
2014-08-14,904.1935144628346,-1459.2980325264782,3506.2980177125764
2014-08-15,1385.396586186715,-1089.7169334298014,3838.3246410449847
2014-08-16,1141.6735483967216,-1204.5685724515872,3536.318862482932
2014-08-17,1282.2810813671908,-1372.4960664239452,3737.4756744012006
2014-08-18,1557.8044103903712,-906.7200180559414,4134.44312305668
2014-08-19,985.1313864913276,-1610.9092184605684,3421.077417200293
2014-08-20,72.77739448519128,-2434.5197634060373,2550.199413301587
2014-08-21,1079.8203393961064,-1512.5397823542648,3442.0709939697417
2014-08-22,1590.8408117414476,-891.5284594904446,4104.214003948773
2014-08-23,1377.9801695186611,-950.3153293845704,4005.261038649332
2014-08-24,1550.1021100018888,-753.4406025148184,3970.899970469828
2014-08-25,1857.362787737242,-752.0755537473003,4161.368844238924
2014-08-26,1316.191049985342,-1165.3717026455288,3772.2929469646674
2014-08-27,434.62023667399467,-1977.7885544912956,2811.3547766558054
2014-08-28,1471.230667415983,-1036.957820694976,3890.0115809654712
2014-08-29,2010.0977759768489,-388.7524413676072,4575.962146801272
2014-08-30,1822.8584817698045,-490.8229166232322,4204.550570630354
2014-08-31,2017.8812183942448,-493.936641072775,4593.990760489283
2014-09-01,2344.8445214163503,-206.2599493731392,4759.547264163685
2014-09-02,1819.72559444811,-748.4664447060642,4108.2798240192415
2014-09-03,950.1401536893468,-1577.9959959612634,3450.6622273455737
2014-09-04,1994.2925346880904,-544.671469000919,4396.841465906868
2014-09-05,2535.930893454752,130.31739419181906,5009.99383450854
2014-09-06,2346.419975885545,-190.5923383100178,4851.553966996452
2014-09-07,2533.9167742833934,-63.667938968898106,5047.544527125779
2014-09-08,2847.953887325377,294.0878851502815,5222.374847832742
2014-09-09,2304.431933010189,-211.93387641110616,4979.704026807273
2014-09-10,1410.9622617176,-1036.2092070096223,3597.2172289333616
2014-09-11,2425.8189165789217,-35.99163892672252,4880.98197026542
2014-09-12,2932.8946526218524,406.491670466872,5464.056578607191
2014-09-13,2703.7734832587785,139.18180505076967,5037.636315552146
2014-09-14,2846.905081587557,219.85688109456808,5282.166685424475
2014-09-15,3112.185874473721,769.0044777779785,5712.446345982426
2014-09-16,2515.948212234965,59.55188874738984,5034.002081275298
2014-09-17,1566.2989044661913,-837.7216193756767,4104.431851712015
2014-09-18,2522.06612152656,-119.9035396076857,5108.69788978048
2014-09-19,2967.749533056537,617.6998261109256,5418.369015635645
2014-09-20,2675.586218382281,149.84167784287357,5085.975001427048
2014-09-21,2754.717747974917,163.4296246577451,5159.962664262881
2014-09-22,2955.7633503376646,585.9533905272692,5428.257135028062
2014-09-23,2295.5731213652803,-137.10794734485464,4613.754921849516
2014-09-24,1283.2401812340506,-1198.759787236465,3775.159218644495
2014-09-25,2178.355804969567,-224.4868458315593,4587.6303207542505
2014-09-26,2566.1775498535926,2.9585684646138457,5147.3297911535865
2014-09-27,2219.6854786094777,-388.1318885252803,4668.952329202647
2014-09-28,2248.7394818508683,-24.7705413766796,4619.53067876651
2014-09-29,2404.642716402372,7.1475974014799295,4870.035431411782
2014-09-30,1705.1127289441156,-638.139748125781,4269.570435473815
2014-10-01,659.6017502302395,-1645.5071044016788,3098.175522885736
2014-10-02,1528.2253614976078,-908.3270205429128,3879.9659170005934
2014-10-03,1896.6946139824609,-693.301801402876,4305.707641666755
2014-10-04,1538.3643525606203,-870.7139075660788,4175.055498555231
2014-10-05,1563.3833650088798,-856.8510469649386,4232.687658234277
2014-10-06,1723.251498484844,-511.0140853457736,4285.770493716018
2014-10-07,1035.7854371933809,-1528.1487114760664,3455.877643143096
2014-10-08,10.434748186623438,-2777.4033606964,2633.919890452295
2014-10-09,907.2075137984511,-1650.1510844033032,3332.176957789893
2014-10-10,1311.600740611517,-1226.6860866947432,3854.702838000881
2014-10-11,996.6483943915608,-1497.725491767835,3730.7460235194494
2014-10-12,1072.0727670470158,-1366.942213913625,3659.013262959269
2014-10-13,1288.8443846094058,-1416.9101774842527,3734.732921967928
2014-10-14,664.1521972222617,-1876.4828421719972,3186.622317226011
2014-10-15,-293.27431843922795,-2677.437508996975,2215.2259393291115
2014-10-16,675.7681709799009,-1763.108623705566,3144.373927536491
2014-10-17,1155.8965710250309,-1525.7511732826874,3723.6455505038734
2014-10-18,919.200246001902,-1485.8908829454829,3522.839835748311
2014-10-19,1074.4046860183191,-1433.232580309956,3721.843251392027
2014-10-20,1371.4450329665074,-1072.7184276861792,3673.1511124179415
2014-10-21,826.4510418950881,-1662.3490195586628,3336.997917441223
2014-10-22,-52.915089590687785,-2313.553474698263,2575.923398586994
2014-10-23,991.4910619591664,-1294.4048518441805,3584.0924758859246
2014-10-24,1543.252782233698,-739.159692551664,4092.790638636052
2014-10-25,1373.46821035386,-974.9922566087772,4029.399188615375
2014-10-26,1589.930989381445,-974.1710524994912,4030.140764391872
2014-10-27,1941.7203339237053,-361.0844912528784,4393.850819763376
2014-10-28,1444.2017611310318,-1190.9008562372408,4111.760565578007
2014-10-29,604.3795848042458,-1723.7997466337515,3143.892119738596
2014-10-30,1679.8599302506432,-873.580306229226,3968.3820315087737
2014-10-31,2253.8188531243545,-150.89731990168224,4804.1677462807575
2014-11-01,2097.0877684263023,-475.5480144272542,4581.7369362089385
2014-11-02,2317.341226692917,-99.5803160929586,4811.981428638855
2014-11-03,2663.6915637030497,247.0134208887407,5207.213648987149
2014-11-04,2151.6914815986247,-274.7938269114944,4607.919554973107
2014-11-05,1288.685522570261,-1325.2049317499216,3751.62722388478
2014-11-06,2332.7618739680943,-155.77641484342163,4900.709615315582
2014-11-07,2867.7352431097324,346.2923934722524,5434.700580529631
2014-11-08,2665.2006925307664,278.2502360104717,5032.825771641438
2014-11-09,2833.715934812525,351.9643303552593,5257.938174173845
2014-11-10,3123.3806075664875,631.2786686550978,5590.466745051474
2014-11-11,2550.821059293125,66.54815213396742,5122.377847757402
2014-11-12,1624.5219066860573,-950.0273072875495,4070.2104770227247
2014-11-13,2603.763395121399,276.48780665115066,5160.977568212808
2014-11-14,3073.5595317453726,621.6118730282641,5498.783311360374
2014-11-15,2806.7096911935205,305.43862552205684,5370.425423882771
2014-11-16,2912.9493258825432,470.1628406751703,5416.587473867005
2014-11-17,3143.5049932759216,725.8811100551812,5763.586368409493
2014-11-18,2516.055523178135,149.02627935969082,5073.539814548344
2014-11-19,1540.0411155984202,-882.9280902996751,3981.023550105689
2014-11-20,2475.5799205431085,-18.89249288008432,4857.9398663339525
2014-11-21,2908.3875658636075,494.3940012027448,5495.287888290944
2014-11-22,2611.8127944313323,249.75750820834728,5034.091748744206
2014-11-23,2695.975256369933,281.65821309657224,5251.80729269491
2014-11-24,2912.311023863664,279.8808304434462,5480.713063383872
2014-11-25,2278.527937782859,-87.62031490828429,4908.672864509154
2014-11-26,1303.9127851960764,-1347.28935848543,3848.4202529927456
2014-11-27,2248.249982855889,-358.39671977592855,4781.987728377921
2014-11-28,2696.7472663265626,157.65656652851033,5220.141428811482
2014-11-29,2422.0814863769965,-178.46255173816047,4867.202527311919
2014-11-30,2533.550404251503,71.3786182763763,4817.561387569096
2014-12-01,2781.63580633166,331.98770469790185,5432.2649932718805
2014-12-02,2182.979710863495,-374.78381275619,4606.656591570788
2014-12-03,1245.7152458380262,-1148.4543306032035,3677.5496108383263
2014-12-04,2228.4113776520644,-196.1154453473613,4631.3199016134295
2014-12-05,2715.026429563901,67.16245314679777,5254.688584608818
2014-12-06,2476.9828776584022,-129.46985394737527,4962.154833862013
2014-12-07,2622.348662410519,26.72552657037714,5202.051483830966
2014-12-08,2900.4296581485664,382.54326950323406,5396.615967572913
2014-12-09,2326.7743859856278,-192.21958059454528,4829.187178828512
2014-12-10,1408.5318696978327,-937.644343614075,4027.017121781505
2014-12-11,2403.4211587217565,29.910135589561133,5062.337109564765
2014-12-12,2894.7068421076137,480.60150560046975,5421.8045187165935
2014-12-13,2653.292482081542,206.387148309538,4900.17558890429
2014-12-14,2786.9167168248123,275.6281440728537,5186.541506016254
2014-12-15,3044.7562698714382,703.335014828388,5349.953909449549
2014-12-16,2442.436641872314,59.77679548350036,4866.207441584545
2014-12-17,1487.3911783409212,-980.1987416504278,3830.843769304388
2014-12-18,2437.826942577295,9.330851608494951,4937.57550762379
2014-12-19,2877.691737415942,297.58943555481915,5401.833454764486
2014-12-20,2578.754342910157,50.58491369036358,5143.3318322607065
2014-12-21,2649.782958601286,220.91850078765816,5166.848087955535
2014-12-22,2841.126472149112,386.0065204799257,5369.11307650543
2014-12-23,2169.6997708749736,-252.04667668102024,4800.688168868065
2014-12-24,1144.314358900055,-1510.190107531045,3620.254077187075
2014-12-25,2024.61334507588,-304.7914810351066,4359.139883784865
2014-12-26,2396.0058502130446,-50.64177042579152,4820.021899679218
2014-12-27,2031.7136534108004,-552.8126446526352,4633.833641241982
2014-12-28,2041.915865185172,-519.3641800523956,4331.551492736136
2014-12-29,2178.2970269036614,-279.3499234072039,4754.703406395687
2014-12-30,1459.0006715559605,-928.7780780414748,3976.046815551682
2014-12-31,393.9303668694061,-2124.535436755754,2852.4028160692646
2015-01-01,1243.658033847942,-1158.6677763947116,3696.980851219559
2015-01-02,1594.3352523420467,-907.5452925223224,4085.838449791144
2015-01-03,1219.720957030512,-1248.7146581910106,3660.066709813762
2015-01-04,1230.3118007750654,-1140.5466694168483,3742.731636457432
2015-01-05,1377.8809666127677,-1159.6273492501066,4027.3656219489294
2015-01-06,680.4277276633364,-1886.5107622567689,3228.9698549014083
2015-01-07,-352.52008520854747,-2904.620182123644,2035.927834863164
2015-01-08,539.009094410787,-2024.9098594315692,3107.9691633889165
2015-01-09,940.3540461111564,-1463.8723286741454,3565.3892575303053
2015-01-10,624.2656926109753,-1904.499122042727,2921.496506113949
2015-01-11,700.0593839594043,-1647.6042197651668,3188.765145396876
2015-01-12,918.1798265981568,-1693.1189552027872,3579.894410883007
2015-01-13,295.1803612188504,-2093.9446480047795,2730.3455969005463
2015-01-14,-660.9419367370422,-3190.994512369307,1845.6139912186984
2015-01-15,308.2037078588446,-2014.0424226367747,2837.144921627154
2015-01-16,786.3613719748098,-1677.6292338170235,3282.8541364063963
2015-01-17,544.7099725884858,-2080.674826857468,2936.442292547993
2015-01-18,691.0517730921185,-1901.4170824697603,3068.1601689473214
2015-01-19,974.4122840120724,-1622.821292950514,3473.285820606541
2015-01-20,410.0524237101741,-2185.023206533063,2916.565801254848
2015-01-21,-495.16637825992007,-2865.3998536738995,1978.6612895352707
2015-01-22,516.1941818483308,-2011.7268988099192,3124.9631521409656
2015-01-23,1027.1310372923556,-1369.350368507111,3439.216155139796
2015-01-24,808.298657427488,-1728.2104187537996,3221.812672965956
2015-01-25,967.2097122465356,-1530.5492198416102,3497.784587464036
2015-01-26,1252.8416198511352,-1169.2262976214413,3760.342826899165
2015-01-27,680.6496741448943,-1854.6789108478065,3202.3682528457334
2015-01-28,-242.07259630731343,-2905.42828160016,2070.7247750603974
2015-01-29,742.7725850484011,-1494.173488753606,3213.155832909774
2015-01-30,1219.0532849341569,-1209.0604889028427,3727.225951444684
2015-01-31,958.4860617469236,-1641.390386076109,3447.27654312654
2015-02-01,1069.8114402007468,-1266.3144069568511,3665.488386330245
2015-02-02,1303.3713106250798,-1195.186432665692,3840.11351406802
2015-02-03,676.0897943493782,-1933.9263729167883,3192.0981704379883
2015-02-04,-303.20115075140484,-2853.534986223492,2193.825917392036
2015-02-05,625.1679435248549,-1685.829487766517,3093.154798363585
2015-02-06,1046.633025165871,-1279.6154174919652,3525.9978532788823
2015-02-07,734.4378019996354,-1641.9586358518095,3121.400280018813
2015-02-08,798.7733103352059,-1651.1347776480245,3312.728365530429
2015-02-09,991.3213505869458,-1435.5004271187404,3466.435562182939
2015-02-10,330.2039869712055,-2164.8545852277666,2770.387327971317
2015-02-11,-674.7187281072047,-3181.7593352838508,1910.9779727172988
2015-02-12,237.0571009602579,-2314.0157435221568,2697.830606628394
2015-02-13,651.5889925840668,-1856.3859977608731,3212.9043154857072
2015-02-14,342.5152446890978,-2260.322371961177,2790.597689551141
2015-02-15,420.1857598743861,-2103.219864576856,3026.590077120521
2015-02-16,636.2022994467266,-1773.456663924875,3043.7166846264176
2015-02-17,8.37041008408869,-2622.82573325076,2516.1354394226205
2015-02-18,-953.9949051828136,-3672.4165432342343,1509.8217855508558
2015-02-19,8.849912453596744,-2422.745151548956,2508.5713151601467
2015-02-20,482.00495108785447,-2115.6268396789487,2995.267252614521
2015-02-21,237.97666256328264,-2157.61238021967,2568.6549731289897
2015-02-22,385.835278641449,-2081.615991743908,2768.4328300167217
2015-02-23,675.7849082945792,-1764.0596598353409,3272.330393861649
2015-02-24,124.14782555793636,-2311.069868431635,2612.145647541516
2015-02-25,-761.29576950245,-3218.1370591692703,1794.5726604704423
2015-02-26,277.6463433904512,-2296.0982526031503,2564.2793253389723
2015-02-27,824.5414393245635,-1629.839742610698,3330.424859880989
2015-02-28,650.4159781946503,-1690.0913941749386,3179.731779983855
2015-03-01,862.9457456971011,-1697.858647110722,3233.902052067276
2015-03-02,1211.056346140129,-1267.53867145889,3741.8199734575433
2015-03-03,709.934862598877,-1952.341012669156,3015.3577843889307
2015-03-04,-133.6066458037997,-2435.389442276896,2527.8999891662947
2015-03-05,937.8425333138129,-1597.6649081221071,3193.115090981616
2015-03-06,1507.2698197805084,-928.8242883680608,4061.696838870954
2015-03-07,1345.333632924625,-1025.7166801502776,3929.143013522171
2015-03-08,1559.558664913665,-983.1175711951324,4152.216678963468
2015-03-09,1898.9364288416937,-614.6020068697787,4431.437931731722
2015-03-10,1378.9319738739694,-990.4544426289932,3972.430835077204
2015-03-11,506.8376349158645,-1988.563169444676,3164.8511226001697
2015-03-12,1540.732471345058,-855.610794400365,3938.3005455313432
2015-03-13,2064.442008560368,-345.0557734124443,4624.980334702773
2015-03-14,1849.6106527255436,-680.0118632695751,4190.070471561186
2015-03-15,2004.872110678364,-411.1141866087935,4429.206950490989
2015-03-16,2280.422759741376,-225.12221815017048,4729.559124688574
2015-03-17,1692.9995622521276,-786.3979182639928,4039.556724754336
2015-03-18,751.2040901232348,-1921.670251372691,3217.0548986367107
2015-03-19,1714.4321007957717,-828.1801036443017,4309.966747641325
2015-03-20,2167.803948644825,-210.89978406918493,4787.170556259411
2015-03-21,1884.2089249918024,-641.3708832090634,4558.5402808161925
2015-03-22,1973.4495044120645,-489.51115814882064,4389.211622116575
2015-03-23,2186.791032882521,-52.33554427542422,4671.538628413103
2015-03-24,1541.9189636797028,-838.843919179663,4145.436052600738
2015-03-25,548.2456634630008,-1746.574363407814,2996.531998757375
2015-03-26,1465.8265118539523,-1073.0051416600058,3922.2127029901008
2015-03-27,1880.280865114105,-603.6667757462429,4155.809635051555
2015-03-28,1564.8310778572588,-910.9964931595624,3955.6247822437713
2015-03-29,1629.4455861805666,-898.2906312490112,4070.914644314879
2015-03-30,1825.3915029057264,-643.969289574037,4281.8419528801605
2015-03-31,1170.1986448686898,-1313.9018167359234,3731.555972511677
2015-04-01,172.97673483949143,-2349.2365230237056,2740.878066275266
2015-04-02,1093.3451365378314,-1364.488728104191,3553.777351150465
2015-04-03,1516.370255076716,-852.2051488850076,3938.538214936182
2015-04-04,1214.6232978058056,-1202.2762141802086,3565.556228424263
2015-04-05,1297.3438537180543,-1369.5476828023886,3774.093030982458
2015-04-06,1515.014165774472,-1111.7316501217172,3988.691744017004
2015-04-07,884.3454244987945,-1674.4907959167747,3422.8424151016943
2015-04-08,-86.38276582201502,-2521.2047329736847,2541.559023297955
2015-04-09,861.6290349655314,-1610.128415450593,3403.537893024828
2015-04-10,1312.658068701549,-1222.7475983464465,3785.749864988243
2015-04-11,1038.5360831614037,-1522.2584273658465,3575.1290348026555
2015-04-12,1147.8297891730842,-1376.168793870046,3624.920519982806
2015-04-13,1390.4295679774364,-1082.1908441657947,3816.787692489357
2015-04-14,782.5474554475918,-1711.367049353992,3383.082275273495
2015-04-15,-167.93466586747263,-2561.954263353146,2411.2906586024515
2015-04-16,797.4919813226081,-1598.9074334214545,3419.33611591984
2015-04-17,1262.9235125337525,-1045.9325840384315,3715.125988129846
2015-04-18,1000.1194526440892,-1460.5176638121725,3476.3421797782576
2015-04-19,1117.6795692780718,-1408.8354250621703,3687.204333347618
2015-04-20,1365.626163346571,-1264.476483299398,3897.859632060501
2015-04-21,760.3931109657638,-1725.174075376079,3187.1437439823035
2015-04-22,-189.83708364657195,-2705.646112794972,2428.862124406716
2015-04-23,773.810803013141,-1733.9773470114658,3311.041507558872
2015-04-24,1235.8508007159928,-1049.0310876687558,3941.804909851839
2015-04-25,968.496505059284,-1646.0513875295833,3797.970256248273
2015-04-26,1080.8221023976,-1341.4625593822568,3439.3418332043743
2015-04-27,1323.3288140541192,-1118.3117407153518,3805.999911310919
2015-04-28,712.9185010383378,-1815.7836721132835,3287.9870643260547
2015-04-29,-241.7838879986084,-2734.0560038657263,2314.812263377136
2015-04-30,718.5003906183713,-1926.531509741695,3071.923107783878
2015-05-01,1178.6381396399197,-1234.4412367866032,3618.207077684689
2015-05-02,911.135015649962,-1477.553086418353,3548.539205399714
2015-05-03,1025.2886705184346,-1407.3842575463957,3492.8399162208216
2015-05-04,1271.7495624591716,-1203.999081703061,3758.4559280530334
2015-05-05,667.4912750988092,-1811.43931445966,3235.2203005504525
2015-05-06,-278.8679435635222,-2893.542786382156,2148.3559594709145
2015-05-07,691.8669546306294,-1938.6709124021893,2930.6041305302365
2015-05-08,1164.4057479538037,-1417.409129601018,3721.404297130664
2015-05-09,911.029472042362,-1375.9828524524276,3337.475707608464
2015-05-10,1040.751149654457,-1518.7883213276357,3549.3689308337457
2015-05-11,1303.8857776742425,-1124.7875677982736,3769.174957123584
2015-05-12,717.031107991318,-1881.0565577975055,2973.349794890132
2015-05-13,-211.5993969084334,-2856.235699041153,2316.296992010521
2015-05-14,776.7675939451235,-1855.9394399431849,3239.545591439899
2015-05-15,1266.4154801913562,-1261.2909976134786,3717.360956211921
2015-05-16,1029.2064206975658,-1715.626473708091,3455.7783662411493
2015-05-17,1173.7537769909998,-1335.5453005988395,3754.395886148294
2015-05-18,1450.0030434195346,-1128.8935640984096,3833.7279287572937
2015-05-19,874.2225099558486,-1641.9440028877634,3431.0350198303395
2015-05-20,-45.6552142561136,-2537.850505240818,2482.2940350279555
2015-05-21,948.9180020568888,-1685.092027046231,3305.512850551559
2015-05-22,1442.0613747171665,-1077.5187007267186,3804.1754694273486
2015-05-23,1205.5374660448413,-1258.0691668399293,3573.5561026178107
2015-05-24,1347.9263547613173,-1148.6839042121028,3844.418800860844
2015-05-25,1619.2064473868966,-1093.8173459381553,3967.3540903114367
2015-05-26,1035.743229297079,-1534.6650917670447,3621.931045994325
2015-05-27,105.6271852578002,-2209.4151810702,2824.817277144577
2015-05-28,1087.619855113499,-1510.9067863558937,3444.037791391552
2015-05-29,1566.102891490179,-850.1246429428015,4096.398060514138
2015-05-30,1313.14267967252,-1185.2825839344018,3646.890695957431
2015-05-31,1437.6559741807405,-1066.1765070592544,4000.551262758346
2015-06-01,1689.981549885654,-948.4599889157216,4278.705196456806
2015-06-02,1086.8594401233038,-1425.8697928014312,3511.369186100761
2015-06-03,136.75926760163043,-2338.678486987145,2496.81798964679
2015-06-04,1098.8169035441151,-1481.8526955540171,3522.101203931284
2015-06-05,1557.7745775300043,-947.920144809396,3944.313388823369
2015-06-06,1286.0372328764126,-1109.9579378909275,3709.003527288826
2015-06-07,1392.8307893188655,-1207.6202305985032,3935.373157305414
2015-06-08,1628.767485578701,-765.4624427921417,4117.071816821827
2015-06-09,1010.8200122032564,-1456.559356462166,3631.859555845482
2015-06-10,47.64603875177795,-2358.0368583639306,2601.5929199654643
2015-06-11,998.5224275953578,-1610.4748195607197,3431.445143396704
2015-06-12,1448.2842718875104,-1024.7837730393,4062.188090674003
2015-06-13,1169.7232010974208,-1379.81284476009,3695.845836998909
2015-06-14,1271.7221788488184,-1081.3774515145913,3612.037893013032
2015-06-15,1504.8486097202974,-933.6656080573636,4065.374026377404
2015-06-16,885.9905888793528,-1550.1244293451473,3403.419023370935
2015-06-17,-76.31388757706895,-2508.652891688023,2528.929959635256
2015-06-18,877.0626868789361,-1711.206959441434,3312.181008823793
2015-06-19,1330.7822814976892,-1391.201966098164,3730.007718511629
2015-06-20,1057.1041899982356,-1337.5970577685016,3572.453689250126
2015-06-21,1165.0511949173865,-1370.2281354756694,3771.2218685301823
2015-06-22,1404.9839074261297,-1106.450087092704,3864.6504489196655
2015-06-23,793.5846725465265,-1542.2159743673756,3269.105641193167
2015-06-24,-160.80768678898858,-2482.868201245727,2317.6017100795502
2015-06-25,800.7466752113356,-1613.8658537597653,3330.367522719946
2015-06-26,1262.7377910315677,-1127.5923782498262,3753.01819580389
2015-06-27,997.272132331341,-1327.401966960262,3676.805141239372
2015-06-28,1113.241277945858,-1393.2752918900276,3676.128320070376
2015-06-29,1360.8978360945898,-1001.6444211271632,3799.192163216466
2015-06-30,756.8400085754,-1661.6970112955985,3229.4220519394867
2015-07-01,-190.65390048555764,-2623.051517784213,2409.1914218836628
2015-07-02,777.3179891951277,-1695.765601924602,3222.983607601938
2015-07-03,1245.2284759460956,-1383.7068722455042,3712.6884727538177
2015-07-04,985.18506399236,-1544.897951976781,3632.483130180892
2015-07-05,1106.0956509062892,-1431.05380762345,3659.205164535302
2015-07-06,1358.2410942587064,-1257.0890287509503,3753.563583161061
2015-07-07,758.2561950394529,-1795.5390914585244,3075.426873627056
2015-07-08,-185.5394461724959,-2538.2685753084,2260.344462296001
2015-07-09,785.7984719423498,-1720.796403521841,3257.874635276098
2015-07-10,1256.7829454752743,-1241.2626647588763,3795.569465496168
2015-07-11,999.5564632019492,-1426.431614102809,3452.0107844244235
2015-07-12,1123.054179174343,-1412.5809166454446,3608.269663147536
2015-07-13,1377.574536744129,-1106.3471702622485,3888.387584009005
2015-07-14,779.7589558970169,-1579.2882298482727,3335.4931663308384
2015-07-15,-162.07791109823577,-2583.9120114043385,2130.6164927558466
2015-07-16,810.9918389433417,-1589.7000106688884,3209.034064150172
2015-07-17,1283.4541848299746,-1083.288867755903,3675.677425949621
2015-07-18,1027.4154912688657,-1328.416748704625,3523.3291129803088
2015-07-19,1151.7678183524577,-1274.226008437808,3634.8507343694714
2015-07-20,1406.762226428127,-878.0137675385074,4022.669198521271
2015-07-21,808.9915869710062,-1504.318758060714,3231.327909787628
2015-07-22,-133.27571399668773,-2505.440195825391,2289.8221950651027
2015-07-23,838.8478830690335,-1499.0659164281865,3204.971631551648
2015-07-24,1309.8176284476367,-1141.792530891741,3687.876446410575
2015-07-25,1051.7223735383957,-1246.1578625409877,3695.5205289335818
2015-07-26,1173.9532126719942,-1355.029306462852,3625.921632716247
2015-07-27,1426.279871492134,-1140.5723091947375,3874.653166429126
2015-07-28,825.335909094078,-1527.0980057968682,3331.219790255762
2015-07-29,-120.545679053733,-2626.1021683766785,2428.1515133331145
2015-07-30,847.6123517474551,-1868.8732520436215,3263.6169035757134
2015-07-31,1314.3803770436157,-1185.691882820129,3769.712874881227
2015-08-01,1051.9873369051809,-1429.7907673538632,3362.2366902756357
2015-08-02,1169.488065176769,-1343.8188485717574,3652.656813758743
2015-08-03,1417.337372345678,-1073.5326912141809,4013.5048560257937
2015-08-04,812.3722910232677,-1753.1376514224091,3292.6872879216025
2015-08-05,-136.8561906787761,-2596.302543377288,2295.4446972821097
2015-08-06,828.8571364813483,-1583.7673556819086,3267.026419227287
2015-08-07,1294.315428598473,-1234.9844154619325,3753.439826570819
2015-08-08,1031.9795779606964,-1523.0979453199975,3468.4207393243664
2015-08-09,1151.1295464617272,-1390.4933239671234,3717.544555660097
2015-08-10,1402.4322505867972,-1012.6201403468197,3929.4310562361543
2015-08-11,802.9175652136971,-1757.585065263872,3181.682855923591
2015-08-12,-138.6960661792166,-2503.117062933227,2311.679253652644
2015-08-13,836.9327916325713,-1571.2226128681623,3366.5628633611445
2015-08-14,1314.706886987096,-1110.1630267846824,3640.52016913772
2015-08-15,1067.145253037247,-1405.0578927798906,3683.516044440165
2015-08-16,1203.5404459541376,-1250.3493829913002,3777.005581459338
2015-08-17,1474.5231764086632,-965.4712990917512,3925.069784147432
2015-08-18,897.0360013555854,-1622.335448261676,3404.1570447897625
2015-08-19,-20.342358449486483,-2444.8749315899104,2421.149109721157
2015-08-20,981.5371852386417,-1463.6295755787662,3504.2997736597067
2015-08-21,1487.3332922292898,-1015.7437528589612,4023.89751184879
2015-08-22,1269.271153796112,-1138.7623905752696,3708.180292011243
2015-08-23,1436.3028025064286,-1096.407141173666,3793.514591963485
2015-08-24,1738.6758522072246,-757.8780802074979,4438.733719987825
2015-08-25,1192.9122654515154,-1383.4941994074873,3455.49257897982
2015-08-26,307.1386230791287,-2069.436851914287,2816.6877309951
2015-08-27,1340.0270470058852,-938.712704790324,4050.235003200135
2015-08-28,1875.7417654717212,-434.11263487835294,4318.314913066635
2015-08-29,1686.003938610755,-845.0395722271779,4099.135026315434
2015-08-30,1879.2601919409465,-628.8587265904162,4500.000022127944
2015-08-31,2205.2597857430346,-233.7593944543921,4760.468204249652
2015-09-01,1680.0418634297405,-968.7403539446758,4170.29134035212
2015-09-02,811.2741005522965,-1852.5179702978696,3074.205736292261
2015-09-03,1857.201757096048,-565.2003619442097,4518.699986653376
2015-09-04,2401.60198113601,-100.52871025898996,4930.453473608116
2015-09-05,2215.8558507009584,-205.45931837200663,4688.354826019711
2015-09-06,2408.123482443053,-32.64703395740828,4959.792442573146
2015-09-07,2727.9270301580914,457.6326559025092,5229.483029040433
2015-09-08,2191.7527290919343,-251.354044877864,4601.115830277572
2015-09-09,1306.5642208235518,-1159.9915919886462,3843.624575555878
2015-09-10,2330.5841306778616,-236.74677067910423,4838.07804209621
2015-09-11,2847.6406786099224,293.69623813848426,5408.809676889302
2015-09-12,2629.240799089667,190.4322797684033,5124.202888876638
2015-09-13,2783.7452867892625,354.97816530215243,5340.837871011797
2015-09-14,3060.9507964097843,479.19893422833616,5367.136137097681
2015-09-15,2477.080068431419,44.69433304246318,5020.158957644228
2015-09-16,1540.1216593394165,-1138.4903815672196,4195.228185156863
2015-09-17,2508.778162742301,27.906632938561103,5123.255330543415
2015-09-18,2967.4177791220163,500.9310044462552,5432.618126302682
2015-09-19,2688.141754524567,325.74558251475474,5300.819574184617
2015-09-20,2779.9530725073664,332.9883648046947,5072.648102487901
2015-09-21,2993.3312980743285,561.3363302597103,5459.055688921172
2015-09-22,2345.215020682359,-49.23121052475976,4876.88206285436
2015-09-23,1344.333254248571,-1133.1463261606427,3749.023504000673
2015-09-24,2250.1448637500457,-410.85824782588696,4730.65344548613
2015-09-25,2647.7809627826705,192.1940308037776,5358.165273466961
2015-09-26,2310.102892479481,-309.9564578376587,4896.877641044947
2015-09-27,2346.861259670388,-134.77789335938456,4687.834549594644
2015-09-28,2509.2610303449856,-83.68040060833202,4967.676849339236
2015-09-29,1814.934226667204,-689.9082328964871,4435.606897198646
2015-09-30,773.2616907936887,-1886.6905009125276,3321.488664183442
2015-10-01,1644.303094612938,-778.4605001921445,4210.296228313763
2015-10-02,2013.7302534190533,-535.8245746830115,4459.518112760595
2015-10-03,1654.8764715765626,-919.976149474402,4092.6870404382166
2015-10-04,1677.8875190165884,-874.7092114308832,4123.974284592349
2015-10-05,1834.2793582001432,-584.5972411166788,4311.398467058185
2015-10-06,1141.9042947506744,-1541.5358729888626,3482.7509739537063
2015-10-07,110.2671397559534,-2349.353086990082,2624.6150191093334
2015-10-08,999.4506855183791,-1634.6412413919866,3485.1673201272743
2015-10-09,1395.0456710619403,-1093.191584209924,3894.575275962207
2015-10-10,1070.1980767041666,-1350.869313572403,3682.813988573638
2015-10-11,1134.7594478608803,-1436.185393195997,3793.726323871606
2015-10-12,1339.845456062643,-1174.0798453547395,3901.19422511462
2015-10-13,702.8044423701429,-2032.0329939566,3172.93421980868
2015-10-14,-267.4624163751946,-2868.691492187684,2331.5911475529333
2015-10-15,688.4300129568155,-1754.882308733694,3173.881519381788
2015-10-16,1155.288074581297,-1425.4616879821945,3641.1262388171
2015-10-17,905.3955274097348,-1512.138793628868,3423.714598857326
2015-10-18,1047.6743419837512,-1449.2354303700963,3396.594273236808
2015-10-19,1332.255210361643,-1121.2430964152638,3970.219421147028
2015-10-20,775.4593921564465,-1712.7011215291022,3137.5122483928226
2015-10-21,-114.86661891099538,-2606.9227089465367,2319.96452194639
2015-10-22,919.6934273058844,-1713.5571883219604,3364.669884455798
2015-10-23,1462.785406683376,-1016.9836743895718,3795.786588283771
2015-10-24,1285.6515343139154,-1304.3417986847874,3680.219293241777
2015-10-25,1496.210354575736,-1040.2664809941086,4113.9266140568125
2015-10-26,1843.6442943168145,-738.4417538715663,4267.098930392227
2015-10-27,1343.3981916744272,-1243.850667882436,3907.779878353738
2015-10-28,502.52995647314185,-1979.7782614019225,2745.7034440450043
2015-10-29,1578.6721711630398,-1037.724218305296,3839.266041304109
2015-10-30,2154.999260423804,-316.1576120743273,4579.041569931529
2015-10-31,2002.3124728161883,-444.7172394247156,4480.898004369306
2015-11-01,2228.227739505586,-190.96276280551191,4702.830638510469
2015-11-02,2581.7709544134423,-21.08438205301396,5099.751435266768
2015-11-03,2078.381740479906,-363.4607800264122,4400.216102604364
2015-11-04,1225.2666582402455,-1270.6296452850793,3833.530473759829
2015-11-05,2280.360514004108,-322.41517993619766,4527.281264738374
2015-11-06,2827.2902983453305,126.4689056370297,5233.472743543916
2015-11-07,2637.453959792785,74.32273852446298,5256.511952982198
2015-11-08,2819.1991032892547,280.4423867393768,5252.826856742738
2015-11-09,3122.406247288206,668.4205998024736,5833.278871109352
2015-11-10,2563.47786002878,58.60403286854952,4918.647381217784
2015-11-11,1650.6743522513475,-944.2907823444376,4256.048745536127
2015-11-12,2643.0559679738108,146.09382845156074,5137.629952246482
2015-11-13,3125.4254472574185,490.1886012730098,5428.358384248482
2015-11-14,2870.3840627424597,340.4846865254501,5353.666616878631
2015-11-15,2987.486562525617,502.5522853601361,5409.291084098045
2015-11-16,3227.8001340957408,794.2599069029048,5582.99809886109
2015-11-17,2608.8691184378213,357.3127030544872,5126.4769006721845
2015-11-18,1640.0271770931809,-840.8521947461571,4113.793826753483
2015-11-19,2581.3163843634698,208.8146363944092,4986.238252245803
2015-11-20,3018.4086420300277,480.5546272605869,5435.012288743308
2015-11-21,2724.6425219493813,84.00079692385363,5252.153694847685
2015-11-22,2810.1615403505684,323.20258262273086,5182.3455472301775
2015-11-23,3026.4594053452183,443.2951369784685,5653.6469524741815
2015-11-24,2391.3343374684823,25.436973175393803,4859.287175375714
2015-11-25,1414.1944704227608,-1121.6816718803682,4021.315814991415
2015-11-26,2354.9740328166235,-3.0381972565360784,5067.487901602292
2015-11-27,2799.055853847628,219.500050565184,5205.426829890718
2015-11-28,2519.3133546699564,41.24755589632195,5149.918100442049
2015-11-29,2625.257993216106,66.26115881467109,5042.384262698396
2015-11-30,2867.597573343537,510.4450257630866,5458.9270895087975
2015-12-01,2263.20729417812,-305.1177039716961,4677.602775554819
2015-12-02,1320.4552321206093,-1228.701449142804,3806.6499962933153
2015-12-03,2298.1415565523703,-332.6979046803309,4720.3541031839495
2015-12-04,2780.446544699976,249.63229380179223,5321.157524956725
2015-12-05,2539.0000098619234,154.98490429429955,4980.623307343006
2015-12-06,2682.057519585348,254.3780119599693,5180.787390740023
2015-12-07,2959.088148427237,400.5961478030223,5429.279936548423
2015-12-08,2385.774988947248,-2.58127847505082,5040.414576285419
2015-12-09,1469.369416350262,-1124.353346855523,3898.5001231450265
2015-12-10,2467.657726933425,205.8620031968607,4885.029490331301
2015-12-11,2963.9345526992965,589.6688045945351,5400.585521032296
2015-12-12,2729.09504179383,167.3890085484524,5189.551811702644
2015-12-13,2870.830596161621,349.88730194565494,5255.559501163601
2015-12-14,3138.232424928188,556.2517495244402,5873.471688786178
2015-12-15,2546.803688951812,-77.73863729070912,5011.731531591388
2015-12-16,1603.8209080781137,-865.3021457839207,3970.5981572761552
2015-12-17,2567.3030165133373,99.55580594012324,5249.459193930894
2015-12-18,3020.982345518013,602.1412314277358,5533.0195738387765
2015-12-19,2736.389513966574,359.3472402098822,5421.878397015615
2015-12-20,2822.0371251907263,257.96392393840296,5377.951588155386
2015-12-21,3028.006751050798,441.7206399666477,5371.470611113144
2015-12-22,2370.9403126452617,-190.80776971023684,5028.108575527564
2015-12-23,1359.3769684065437,-1049.639044031509,3991.7626335085865
2015-12-24,2252.694430125802,-103.77550974619136,4725.058798896923
2015-12-25,2636.049605512233,121.37447144956025,5153.058840308976
2015-12-26,2282.431237485689,-195.30654387433208,5055.380220721094
2015-12-27,2301.8101827588107,-195.4612133276418,4849.233199064875
2015-12-28,2445.692591663852,85.28547168068067,5085.037574962774
2015-12-29,1732.0778980580085,-814.296151788311,4144.159139864788
2015-12-30,670.7635285406124,-1856.365412473272,3302.628748916717
2015-12-31,1522.2560296180022,-1089.5320169426402,4039.881200932704
2016-01-01,1872.6842498017,-520.7598630493479,4215.11044943498
2016-01-02,1495.8279272185666,-1070.136160970775,3941.049762910398
2016-01-03,1502.2479302397796,-958.103236088112,3778.8201035133543
2016-01-04,1643.8239271758168,-932.7094033267916,4242.13245815406
2016-01-05,938.7018036719244,-1579.985545787766,3396.811529563852
2016-01-06,-103.40696861289256,-2546.175309442624,2293.0550812173765
2016-01-07,777.68585737653,-1863.092651173792,3371.691375554056
2016-01-08,1167.5639930802463,-1264.200193784813,3626.9672222523545
2016-01-09,839.246064355049,-1698.6385279523045,3218.9037446860416
2016-01-10,902.3318510027063,-1738.7071049279866,3321.5472106359944
2016-01-11,1107.5607472629972,-1213.8888151228814,3622.2830743474224
2016-01-12,471.7842991523512,-2027.2663842714596,3051.949228676711
2016-01-13,-496.7055480888602,-3041.8387291954778,1818.675647393101
2016-01-14,460.7667121767672,-2203.419332502426,2988.413794702637
2016-01-15,928.2131602659348,-1593.0417998325654,3590.9995828413566
2016-01-16,677.057769305098,-1684.1823963983147,3189.5695319035704
2016-01-17,815.3192232089147,-1555.706415984104,3234.792882684188
2016-01-18,1092.2057478729353,-1387.4552017621452,3640.748162230479
2016-01-19,523.1230423971556,-1921.0951970572185,3007.687813554963
2016-01-20,-384.9640019433725,-2890.663365677316,2223.312087118616
2016-01-21,625.4426542199104,-1778.4027173472175,3368.292220375992
2016-01-22,1137.3545734691247,-1358.528737674112,3499.8939279077777
2016-01-23,921.3954299082778,-1707.790253906736,3338.995727686907
2016-01-24,1085.0024264506983,-1422.2045206825223,3326.886369301686
2016-01-25,1377.0346495685951,-1051.014782562778,3853.652910484972
2016-01-26,812.78901657531,-1703.77523086297,3223.5662910436945
2016-01-27,-100.63560025678588,-2760.5698408770645,2544.3319482743877
2016-01-28,894.632261016944,-1478.9281363873035,3273.53345368117
2016-01-29,1382.2080613088638,-1079.2618074401623,3912.3451571027927
2016-01-30,1133.535446654931,-1297.1973635029192,3674.877400491276
2016-01-31,1257.0681667727472,-1266.7811705991098,3677.7905013623936
2016-02-01,1502.8542976291112,-840.2767583517557,3942.5128427886143
2016-02-02,887.523998147814,-1317.4234777089914,3374.968338044493
2016-02-03,-80.3779414780006,-2699.806243656732,2484.937453085796
2016-02-04,858.5443284419858,-1589.0351831995715,3274.7985131201517
2016-02-05,1289.4731068730175,-1268.3998822426054,3925.3685798194856
2016-02-06,985.424356146847,-1450.6352840619695,3350.915882578578
2016-02-07,1056.3925782621686,-1576.3410511163538,3526.4118451752943
2016-02-08,1253.898807435981,-1119.3256373608378,3627.840620506602
2016-02-09,595.9438101071828,-1894.8796827951096,2965.7855635772653
2016-02-10,-407.6914316635891,-2614.504452084756,2193.540752514001
2016-02-11,503.4618909570741,-1976.6419890628576,2869.8881933281623
2016-02-12,915.4709093896578,-1784.2849202360492,3297.014143584373
2016-02-13,602.0278989497215,-1900.2636548056475,3302.819385122259
2016-02-14,673.5797308041215,-2006.3343255035804,3144.6883655624983
2016-02-15,881.8657537949491,-1628.7084583597716,3535.957783861552
2016-02-16,244.86641267788676,-2193.4111685339203,2699.2997961770848
2016-02-17,-727.8952405910766,-3281.812564579055,1753.39151972095
2016-02-18,223.56064668682188,-2293.4416507511046,2840.9268532837373
2016-02-19,684.593171552622,-1707.9732892632578,3157.5126165842566
2016-02-20,427.9844925025452,-1989.2905559654384,2788.369538861501
2016-02-21,563.0908878598124,-1986.8090903764291,3135.6454201581328
2016-02-22,840.4063090082092,-1478.140464903702,3382.057482202402
2016-02-23,276.5400951002889,-2179.3609633006577,2583.2672059509555
2016-02-24,-620.4497117598985,-3185.611140418639,1677.1380624686649
2016-02-25,407.89156103583696,-1914.653657074125,2957.3362848058014
2016-02-26,945.3725071559118,-1630.350315498856,3388.8977998805854
2016-02-27,763.2345815688709,-1665.8326339717153,3220.810622443269
2016-02-28,969.337722687218,-1546.145874982164,3534.6224655774217
2016-02-29,1312.7570963668588,-923.0969700550056,3800.887349899768
2016-03-01,808.7918354927089,-1656.5466164818465,3272.789908515529
2016-03-02,-35.67339328750313,-2484.8389049229577,2516.9140071361453
2016-03-03,1036.804173162603,-1455.5873446183944,3577.5953498151107
2016-03-04,1609.2033700787963,-784.3719568311187,4083.037782184955
2016-03-05,1452.1342376665723,-849.4577561887731,3857.305984005784
2016-03-06,1673.0350406946736,-881.5175410381466,3979.454993237947
2016-03-07,2020.77541159324,-534.8256886700921,4358.247476347468
2016-03-08,1510.6664330536546,-908.8808909515292,4108.593130506346
2016-03-09,649.8184333400884,-1750.9363114372725,3346.98315604098
2016-03-10,1696.1050397355325,-773.4117620633688,4201.01147257416
2016-03-11,2233.127982372635,-303.1510982207114,4508.755922677974
2016-03-12,2032.2948886340432,-340.5750318776747,4616.407237119762
2016-03-13,2201.995264275511,-413.7948523118512,4755.8338958231125
2016-03-14,2492.179468209873,30.089022876593283,5013.451862767005
2016-03-15,1919.34213417845,-591.3903253563439,4440.867130406601
2016-03-16,991.8514998691696,-1590.2239238409263,3309.944838470436
2016-03-17,1968.883908299293,-617.347648172916,4584.230403199852
2016-03-18,2435.3587067323606,-259.4789566729935,4886.168963485163
2016-03-19,2163.9865111741487,-412.008378612692,4506.1101248543855
2016-03-20,2264.416737137444,-73.4717639380623,4725.860088036831
2016-03-21,2487.7898675714305,-77.56728707109443,4818.685699228071
2016-03-22,1851.696518333644,-601.7868443820391,4342.615129588524
2016-03-23,865.4852980248535,-1586.8613928307757,3411.849955895406
2016-03-24,1789.1791799159814,-759.3862398843539,4166.222641954668
2016-03-25,2208.3959710246604,-360.8423389696992,4657.14375224421
2016-03-26,1896.3861055918928,-534.0959665832934,4303.899557926661
2016-03-27,1963.1738177725788,-457.0819481010988,4549.068281594277
2016-03-28,2160.1072115192437,-382.6402334654201,4456.440047083543
2016-03-29,1504.819229145401,-851.0366161748584,4100.426852290156
2016-03-30,506.5413542099232,-2214.3314843189146,2862.703407051664
2016-03-31,1425.0295092085305,-1077.806995197732,3841.6531692422313
2016-04-01,1845.4973886307696,-709.339528994974,4276.316450059719
2016-04-02,1540.6700335101248,-1003.8110661752136,4032.563424493108
2016-04-03,1619.9432172193874,-915.3434135643496,4181.831606903692
2016-04-04,1833.9536254057184,-619.3505106162539,4416.532659792396
2016-04-05,1199.5612616075437,-1101.628193810731,3789.145006771508
2016-04-06,225.1853248189134,-2267.047173248091,2591.463104924698
2016-04-07,1169.752426793747,-1284.666890426274,3645.99094471189
2016-04-08,1617.651808968908,-890.9757915251611,4130.819353654033
2016-04-09,1340.809811672696,-1267.9275529994677,3671.033346140578
2016-04-10,1447.868652811563,-1304.560591923827,3708.09742607432
2016-04-11,1688.7740400574191,-762.2403333690473,4199.057274403308
2016-04-12,1079.7726535050383,-1404.8015913814102,3743.024389719517
2016-04-13,128.76042389743202,-2418.157461195795,2741.012206350706
2016-04-14,1094.2392216785124,-1438.8105427177038,3634.878054671539
2016-04-15,1560.2815167538442,-701.4951948923068,4179.124344585997
2016-04-16,1298.6050782702348,-1089.120944451317,3817.136010271389
2016-04-17,1417.7529010847086,-1055.2771346254704,4168.950739200105
2016-04-18,1667.6779262785944,-848.2260975461376,4055.247610243253
2016-04-19,1064.7347827655058,-1434.5450228293432,3742.562997556415
2016-04-20,117.01972600633304,-2332.9739337634223,2584.0294690800374
2016-04-21,1083.317714668813,-1234.087044499428,3690.233625008138
2016-04-22,1548.051496101045,-947.6574530169574,3929.445357281462
2016-04-23,1283.345292616762,-1108.7189835460952,4009.3425314919896
2016-04-24,1398.1886011924082,-1091.173447945525,3943.1884215133655
2016-04-25,1643.0051865236103,-907.6992073439696,4168.539778576198
2016-04-26,1034.6289431986754,-1560.2237186091756,3524.0830347086016
2016-04-27,81.62825410447886,-2449.3993269941634,2601.8081201476493
2016-04-28,1043.2382161774512,-1290.9519876131794,3571.0954011627164
2016-04-29,1504.2960021388883,-1052.3678370057214,3880.2189900228905
2016-04-30,1237.292305668105,-1364.1332166991656,3758.989443218892
2016-05-01,1351.5246866711386,-1176.9403383152908,3972.962673179045
2016-05-02,1597.6581424146975,-812.0139691326121,4142.267543266376
2016-05-03,992.6947622849124,-1479.67835137503,3363.0057324304958
2016-05-04,45.29420826095793,-2487.5502093950377,2522.2007391009097
2016-05-05,1014.7044385239968,-1447.1167873020067,3398.309111999308
2016-05-06,1485.6979209883589,-1026.948354981797,4068.70244462004
2016-05-07,1230.6261966747911,-1133.2689255962807,3698.047252853069
2016-05-08,1358.578460336079,-1027.6526947130696,3817.5954186284816
2016-05-09,1619.9492790514723,-732.7901483204578,4135.176377936877
2016-05-10,1031.417052896195,-1425.2050360193175,3544.869597061933
2016-05-11,101.27466584159627,-2581.5558549732896,2578.218982583256
2016-05-12,1088.3714194883055,-1367.7591258535208,3537.2709971304703
2016-05-13,1577.0611507236465,-850.5073191883512,4135.063971900631
2016-05-14,1339.2690368238864,-935.2400625542988,3902.868972094326
2016-05-15,1483.6623988986505,-1019.9413166971736,3990.029650251039
2016-05-16,1760.2302776677109,-644.2462234235178,4268.840725641255
2016-05-17,1185.2730584748265,-1217.76331776157,3740.972784370123
2016-05-18,266.74329471597525,-2260.229048964314,2768.459738238465
2016-05-19,1263.19655942486,-1163.9552823635247,3805.243386072946
2016-05-20,1758.747005680009,-748.7656179803223,4216.168364706824
2016-05-21,1525.139966853189,-1017.2290266863658,4044.6750621222654
2016-05-22,1670.9267863510777,-821.5139261703382,4155.460332334994
2016-05-23,1946.0465832044783,-470.0847269193525,4373.821900835892
2016-05-24,1366.8162167421751,-1107.077144154075,3833.1951609058183
2016-05-25,441.2696388586478,-1953.5157083423217,3055.8529495151333
2016-05-26,1428.1055532916162,-895.0300905075975,3886.578235149456
2016-05-27,1911.0453382820856,-687.7348110559037,4167.043212625897
2016-05-28,1662.678043494045,-819.4237703134603,4271.781417931383
2016-05-29,1791.849258347031,-678.4408487143112,4237.26835069133
2016-05-30,2048.8274033839816,-538.3009858302099,4640.979939410345
2016-05-31,1450.2846659445577,-1010.8529110909728,4005.938354119281
2016-06-01,504.6269016985059,-1680.1215025503675,3040.97628722025
2016-06-02,1470.93169780376,-938.0203097268736,4033.614048244485
2016-06-03,1933.889686591859,-722.8870293835107,4305.805158210228
2016-06-04,1665.861878063274,-857.4125011024544,4113.841735251905
2016-06-05,1776.0386537411869,-803.9428388176567,4469.3044586190845
2016-06-06,2015.0055832837936,-526.8261314197814,4341.998593869822
2016-06-07,1399.7177708365937,-1006.9781195808794,3882.649779410867
2016-06-08,438.82433967852353,-2065.10365459617,2927.9571333080394
2016-06-09,1391.6023592921451,-1205.2008055908004,4002.460399571378
2016-06-10,1842.8953710962944,-1010.0635308726304,4451.062052249253
2016-06-11,1565.1693065288468,-910.2792662743562,4103.062414472191
2016-06-12,1667.6714243296803,-1002.0077421803512,4222.2688928075895
2016-06-13,1900.9973730363715,-587.5422431912531,4364.466852302515
2016-06-14,1282.067993846421,-1335.82214561738,3748.9768092470217
2016-06-15,319.45734783645094,-2033.9113108487988,2922.037520669629
2016-06-16,1272.3311193099212,-1410.9497456978447,3633.2534700867377
2016-06-17,1725.390376818908,-643.133828570449,4243.247786238211
2016-06-18,1450.933294643983,-1042.7026549184998,4193.117472802293
2016-06-19,1558.0202608370207,-801.9352227143187,4147.158114464758
2016-06-20,1797.04727370806,-718.0339331947503,4255.47710392284
2016-06-21,1184.7290409483562,-1252.8913691873925,3638.4539108845215
2016-06-22,229.4330736489187,-2286.3703357799664,2805.6351453397247
2016-06-23,1190.1237502855788,-1518.2814899153027,3664.464843534996
2016-06-24,1651.311175565559,-875.8829173963537,4195.203139676542
2016-06-25,1385.1173046978165,-1202.1796525635689,3934.2360789412737
2016-06-26,1500.444654791673,-1175.833222551251,4009.1595166350544
2016-06-27,1747.552431251999,-884.63275666267,4299.357302375061
2016-06-28,1143.041441039141,-1234.128163330434,3544.9838408179507
2016-06-29,195.18907499983447,-2213.025800066451,2685.0064188299
2016-06-30,1162.8933557281978,-1265.6746959165678,3803.68837989188
2016-07-01,1630.6209272613164,-785.6998928876619,4135.1358109342855
2016-07-02,1370.471535804747,-982.670184445622,3856.32236108506
2016-07-03,1491.3444259483344,-1008.4818092801154,4075.71797768409
2016-07-04,1743.5116027297606,-874.0538426078379,4373.663789459147
2016-07-05,1143.5994693253524,-1409.258742344119,3691.9812064367006
2016-07-06,199.9202705593784,-2244.521589363602,2677.3587993195297
2016-07-07,1171.41249177167,-1500.1586646213143,3658.9173635307816
2016-07-08,1642.5852419131106,-975.6198012335276,4131.953451412328
2016-07-09,1385.5793171980563,-1030.2778202049058,3938.24737253218
2016-07-10,1509.3305125173213,-929.3525232324153,3969.01132963158
2016-07-11,1764.1402210438623,-552.7194208638998,4249.950559324722
2016-07-12,1166.6549972054734,-1358.8893974400034,3854.4518390528815
2016-07-13,225.1965305827177,-2347.3158152299275,2827.81313617917
2016-07-14,1198.7012671932912,-1212.3925100268136,3955.6196274416966
2016-07-15,1671.6647299535898,-935.4379103048084,4092.664955021204
2016-07-16,1416.2032366435972,-1015.5390719269768,3927.109693647996
2016-07-17,1541.2185513404963,-1011.3542032087472,4030.7653188315
2016-07-18,1796.9704903625825,-451.40925319270417,4233.476995082294
2016-07-19,1200.0590199488995,-1317.8769695321716,3637.823419887568
2016-07-20,258.75725982457834,-2377.511016496436,2633.663423087316
2016-07-21,1231.9544830795992,-1333.1707728295776,3716.530027513832
2016-07-22,1704.104041752136,-812.391929385306,4228.763907562539
2016-07-23,1447.288777713762,-984.39588548074,4074.7944668706327
2016-07-24,1570.3893109178334,-814.7089639184651,3909.1880608747215
2016-07-25,1823.660081492597,-727.414373017015,4391.626135503479
2016-07-26,1223.7145426960192,-1345.333380730136,3791.80026951939
2016-07-27,278.8607873628375,-2262.617573939498,2628.9712008581555
2016-07-28,1248.0465800408526,-1363.554498882639,3887.152218220858
2016-07-29,1715.8086229201128,-842.1907029488191,4115.474300385081
2016-07-30,1454.3385343052284,-901.6360987078464,3851.397365816205
2016-07-31,1572.6508738851282,-977.5929399169208,4072.281477899545
2016-08-01,1821.158058655348,-647.9681289571678,4293.801550585049
2016-08-02,1216.6535600651644,-1405.6682640613592,3714.573609112321
2016-08-03,267.64468539218683,-2393.128846607782,2689.012874568814
2016-08-04,1233.293962198697,-1417.901253523221,3723.155630043957
2016-08-05,1698.3640257464788,-936.8014456485212,4005.7640487167023
2016-08-06,1435.2785831825524,-1244.782468211899,3905.3823154417855
2016-08-07,1553.2849043551646,-972.3077548427992,4086.2410502500784
2016-08-08,1803.0228161608964,-574.335965771942,4277.4918558206
2016-08-09,1201.501737761173,-1217.7061497382792,3767.445364836417
2016-08-10,257.42721610154945,-2211.689826666087,2777.139218792486
2016-08-11,1230.1361422747118,-1438.228648508452,3758.9762612933055
2016-08-12,1704.5357112634645,-688.8070081266482,4177.442186936511
2016-08-13,1453.158857898468,-1197.8868594974597,4031.148470455183
2016-08-14,1585.3217700583607,-854.7549562001392,4234.42867915492
2016-08-15,1851.68859532518,-704.2985646789656,4183.413918962541
2016-08-16,1269.245002105592,-1102.5198163718185,3655.3758540549966
2016-08-17,346.62215956111163,-1961.6585960899545,2979.6554900642536
2016-08-18,1343.0304004535403,-1225.53235325122,3964.634648503116
2016-08-19,1843.197689405357,-703.9472834593524,4279.536770645648
2016-08-20,1619.4256647092243,-841.1934091568401,4093.9871591984697
2016-08-21,1780.748864446596,-838.0970566460444,4055.386223760302
2016-08-22,2077.5022373398733,-555.0005822172845,4672.844157827547
2016-08-23,1526.3167175662215,-1026.0268016677442,3918.8145084403873
2016-08-24,635.3935700213731,-1854.465433752727,3107.2814583753566
2016-08-25,1663.4982719523991,-837.5575058360935,4301.104914100975
2016-08-26,2194.887360960839,-337.35645136428684,4768.413085957043
2016-08-27,2001.3716899311903,-417.3334810712065,4301.708623209007
2016-08-28,2191.4834061484225,-395.9428374745713,4685.548941122933
2016-08-29,2515.0516104061758,127.88539747209164,5018.201040504474
2016-08-30,1988.188165486905,-529.0006788422686,4567.931149370119
2016-08-31,1118.6250001701087,-1418.7759543040054,3633.8221647615896
2016-09-01,2164.6619335703062,-294.622362496739,4717.530978126316
2016-09-02,2710.119887435677,185.24595779816207,5155.9783885793
2016-09-03,2526.4119899943703,-101.1292576679612,5056.153738108696
2016-09-04,2721.7179135330875,206.5979275910712,5161.180465941211
2016-09-05,3045.566279393929,445.2764292155537,5455.313354073619
2016-09-06,2513.8264911205715,170.59617518780536,4935.25115060687
2016-09-07,1634.05124827291,-918.454752348606,4023.291955381054
2016-09-08,2664.4286879476845,274.36375520037205,5096.912821581401
2016-09-09,3188.738960385437,630.2939323224736,5671.538596284031
2016-09-10,2978.4276974114973,475.6469309436032,5513.342955220067
2016-09-11,3141.781687463347,670.9871615126777,5583.069764345621
2016-09-12,3428.511577898012,877.6193842465192,6003.941989855315
2016-09-13,2854.7429671341715,214.50322788816135,5403.537488736767
2016-09-14,1928.3571544450303,-527.959395449141,4356.72816616328
2016-09-15,2907.94052210044,452.148813276249,5287.295096566592
2016-09-16,3377.7373946787598,770.3250759296645,5934.181259457081
2016-09-17,3109.7188824320174,531.9747558327367,5538.853799690181
2016-09-18,3212.7530786357884,628.7354367525876,5834.150562490123
2016-09-19,3437.1814948923743,1093.3126449392803,6043.825012632026
2016-09-20,2799.8031660456863,387.0868949233987,5357.063943060569
2016-09-21,1809.2077666416933,-726.4380488389986,4307.190169810104
2016-09-22,2724.7167920699653,302.38925815720864,5291.903652369718
2016-09-23,3131.327731444815,574.9877242745439,5570.340246123812
2016-09-24,2801.7738248937485,139.17026374977698,5371.02603187692
2016-09-25,2845.6848643781614,487.6705149040736,5351.602398224787
2016-09-26,3014.154014759032,416.4525024503524,5434.399656367957
2016-09-27,2324.7121830622023,-99.58087641324214,4820.79263114182
2016-09-28,1286.6513781349506,-1086.7972810256092,3802.679042884062
2016-09-29,2159.956218029539,-55.89620171960232,4618.956767158315
2016-09-30,2530.238620715032,80.61681273358573,5002.24642323476
2016-10-01,2170.788383322385,-436.2167323370133,4589.470688691828
2016-10-02,2191.725225873086,-194.0611779863644,4793.097758963142
2016-10-03,2344.557396252096,-80.90652266746608,4536.434028631452
2016-10-04,1647.148487513875,-765.1089920007623,4224.315464675567
2016-10-05,609.0340343927767,-1947.6605842546355,2971.66895922311
2016-10-06,1490.3471839634494,-1050.97358358035,3812.852919741538
2016-10-07,1876.7485362753707,-856.7192835045079,4361.633571801525
2016-10-08,1541.4731061425448,-977.2853978727816,3983.581898745428
2016-10-09,1594.479968915597,-892.5336814706591,4313.167784425614
2016-10-10,1787.0098543338872,-521.949530688599,4245.796208363413
2016-10-11,1136.552418747261,-1382.0485884166028,3575.7413059820124
2016-10-12,152.1648389884533,-2471.6063806688826,2753.6589256754064
2016-10-13,1093.4010678496825,-1344.7889099474253,3623.713830477668
2016-10-14,1545.2469457470163,-690.2005067313702,3990.913117284428
2016-10-15,1280.1740039346323,-1213.419101972173,3753.755990665144
2016-10-16,1407.2976309954026,-1137.8137629798966,3808.6269952632406
2016-10-17,1676.9447557803128,-947.2399017435574,4088.405195090311
2016-10-18,1105.6327096670664,-1382.8385194546968,3653.675412931781
2016-10-19,201.4007979336652,-2404.091099312908,2820.0720047190666
2016-10-20,1222.7537725874809,-1160.1354685936603,3734.189119336872
2016-10-21,1753.6122199702306,-648.4890784879841,4263.3207072856585
2016-10-22,1565.3824846008704,-1047.4186375194397,4126.645060681807
2016-10-23,1766.1315566625308,-760.7661749903403,4252.184535805196
2016-10-24,2105.171804613618,-494.883620513371,4598.286408117502
2016-10-25,1598.0569207467383,-1021.8988744426584,4007.6449383309086
2016-10-26,751.9302959151285,-1757.5929285343564,3452.4281643125946
2016-10-27,1824.4846896001295,-784.8200235375815,4424.208069389076
2016-10-28,2398.9278761934875,-45.63239462448021,4971.620593581575
2016-10-29,2246.066557406006,-158.32765557344237,4812.821706825934
2016-10-30,2473.493645178595,29.67213429690197,4912.528417375454
2016-10-31,2830.1834897940507,306.00058826956035,5124.250398657973
2016-11-01,2331.496138531574,-93.862789425992,4895.369250810715
2016-11-02,1484.531590687276,-998.3558057797736,4016.4601963820105
2016-11-03,2547.0927043478387,128.8485996471314,4916.467904326356
2016-11-04,3102.6512714907626,622.1093290795009,5610.511549270292
2016-11-05,2922.429439843978,486.63011719791626,5499.038464727628
2016-11-06,3114.581532278654,679.590143274719,5593.22193382431
2016-11-07,3428.780846889277,933.078504695908,6149.080329241208
2016-11-08,2881.2125962729024,307.7907533390353,5034.956610016466
2016-11-09,1979.9140911021116,-452.1961169775236,4671.793003071007
2016-11-10,2983.721028257887,460.13622772011,5448.826355356669
2016-11-11,3477.2146689458305,988.3884341224846,5966.165462031563
2016-11-12,3232.782414208071,857.0949047432812,5872.7753778894885
2016-11-13,3359.7772126299224,973.9833457128144,5635.476559270633
2016-11-14,3609.080815698755,931.97789375481,6162.926630722223
2016-11-15,2998.0725115402465,631.282770617386,5568.898453933815
2016-11-16,2035.944944768628,-450.1238117664231,4657.289410944363
2016-11-17,2982.626405077987,644.7277976869242,5547.797151751944
2016-11-18,3423.704912591384,824.7489982878826,5948.347409076593
2016-11-19,3132.4670731028277,556.8667592644139,5605.713217810311
2016-11-20,3219.0377690418,637.1198183582111,5692.107688861656
2016-11-21,3434.9260608408254,1037.286609000066,5924.721257429892
2016-11-22,2797.979429062973,263.6625301509217,5343.704038800295
2016-11-23,1817.6883386981333,-853.1433647820102,4333.392042604248
2016-11-24,2754.1008300685507,288.6987360819439,5225.242009179856
2016-11-25,3192.742700641086,823.1939070902688,5717.031978179682
2016-11-26,2906.6564783798926,408.2437005032092,5393.037579095476
2016-11-27,3005.545210411259,454.332063720272,5472.472759038951
2016-11-28,3240.326550113445,766.9724709538806,5753.824203969908
2016-11-29,2628.099105522373,110.33658869245257,5184.168778391678
2016-11-30,1677.4628416299513,-866.6822219108897,4044.553286075588
2016-12-01,2647.4529487541904,4.049770379600733,5083.3784270311335
2016-12-02,3122.482361974824,651.6468549431258,5495.731981955085
2016-12-03,2874.4056735602458,513.8098427624038,5347.605125747019
2016-12-04,3011.6899325751046,654.2276380118136,5608.926155323788
2016-12-05,3283.9972259842484,602.9343686369332,5722.400995262367
2016-12-06,2707.1803685678988,137.90579538231452,5273.97511555052
2016-12-07,1788.6328265010904,-623.4318989523686,4351.41140828922
2016-12-08,2786.251602016181,273.17407970249405,5274.342305361911
2016-12-09,3283.4075787831043,797.8982451522221,5838.723281791385
2016-12-10,3051.035400284116,540.2118791793228,5511.304690043668
2016-12-11,3196.8277380830223,795.0217721605909,5746.3875595512
2016-12-12,3469.838255282624,947.4879271787216,5986.932627517456
2016-12-13,2885.494066964845,278.27501880839867,5506.519497096155
2016-12-14,1950.958374258184,-587.2896316445394,4370.007834173297
2016-12-15,2924.101640791967,350.962201147157,5393.653106936478
2016-12-16,3388.475552371803,1059.6663127912884,5883.20830469335
2016-12-17,3115.401680997562,699.3864732582506,5624.319302838905
2016-12-18,3213.1596722559543,685.3276767337768,5776.179468480166
2016-12-19,3431.5793393183503,964.6456741768573,5789.008924158334
2016-12-20,2787.037659157646,288.0248167384369,5084.293270481149
2016-12-21,1787.8016541796717,-636.3597934665898,4290.037620274202
2016-12-22,2692.9759417790774,145.18969044701686,5145.265109344887
2016-12-23,3087.44970468819,219.78630576746272,5463.074061834104
2016-12-24,2743.955602900598,306.2761073695567,5275.370938323335
2016-12-25,2772.226119651017,96.8496141100978,5361.194308273387
2016-12-26,2923.552456820702,550.7605419897545,5490.556431291491
2016-12-27,2215.7477488361765,-196.3770254552676,4607.295055617848
2016-12-28,1158.4563749273293,-1435.1417246695137,3660.385469219653
2016-12-29,2012.0689527357156,-561.0906904465636,4513.784997010292
2016-12-30,2362.638551202313,-152.43135219331643,4912.055746839264
2016-12-31,1983.9113935780088,-438.57487299139865,4553.395878280712
2017-01-01,1986.4582391869624,-374.0243924129973,4532.071150215367
2017-01-02,2122.2121866420093,-229.31259805222223,4702.790552655293
2017-01-03,1409.415201771331,-1073.7764924366545,3818.396270179013
2017-01-04,357.91559108750494,-2129.29216555364,2889.154499111271
2017-01-05,1228.0763258979998,-1351.626125754833,3754.0288496165786
2017-01-06,1605.6899577228344,-999.9827587139544,4183.8373092298425
2017-01-07,1264.0134702412472,-1205.6059143550228,3864.059307584405
2017-01-08,1312.9092005073735,-1278.824220746917,3891.8351944106594
2017-01-09,1503.3973832538577,-1021.6285414371258,4025.477274430104
2017-01-10,852.6223117655226,-1689.017858304251,3371.461591595309
2017-01-11,-130.82610193053097,-2613.353357252449,2360.072467963255
2017-01-12,812.0239950052118,-1492.9976468578511,3426.862149987556
2017-01-13,1265.4725778405189,-1107.5747298346678,3771.574045605816
2017-01-14,1001.2164052403112,-1520.0867542416197,3420.362171651833
2017-01-15,1127.5255012126158,-1309.516025477986,3565.2230381616373
2017-01-16,1393.832173981235,-1035.0364703220846,4107.225571755537
2017-01-17,815.7337009581479,-1609.1807379978943,3222.9778568451998
2017-01-18,-99.65040721430978,-2697.5598332419763,2280.956389972814
2017-01-19,905.2919449635848,-1490.4250798295564,3436.208628638555
2017-01-20,1413.6431575143126,-969.0841709819712,4006.351517794176
2017-01-21,1196.0528821220728,-1449.744860765203,3855.8258369022506
2017-01-22,1359.938853772229,-1108.8271310237187,3929.7937519813154
2017-01-23,1654.0957310491367,-837.0700103373254,4134.573062436014
2017-01-24,1093.7125900221697,-1291.7644921610988,3656.7975307262286
2017-01-25,185.73962020483032,-2160.90866066916,2757.630333658409
2017-01-26,1187.8622956247382,-1359.3059429073614,3702.1860141004495
2017-01-27,1683.4772010659349,-943.8145401496258,4015.58752079693
2017-01-28,1443.7814102677194,-862.7810053936965,3998.474411678009
2017-01-29,1576.9602476651626,-748.4124401177609,4067.3059738953143
2017-01-30,1832.777865342519,-641.3371425631954,4334.41114941617
2017-01-31,1227.571713327225,-1163.5818705010663,3808.470527444038
2017-02-01,269.5920000475255,-2239.346180856159,2627.5296463814943
2017-02-02,1217.94506602298,-1401.4582572189072,3756.681256570377
2017-02-03,1657.5355867852402,-926.32748347604,4226.2328230028415
2017-02-04,1361.1203054585756,-1115.500441780277,3897.158491373524
2017-02-05,1438.4589783452382,-1262.8360783970095,3933.745605601032
2017-02-06,1640.8678440553483,-708.9957589324935,4071.3823661235415
2017-02-07,986.177578819044,-1605.5650924232305,3623.286724718968
2017-02-08,-15.962296848798816,-2629.314800444823,2521.647494482072
2017-02-09,894.8271940457043,-1557.5759098656015,3411.331941653935
2017-02-10,1304.5669920924877,-1223.040845057164,3671.4099390818665
2017-02-11,986.94780107524,-1351.041949037057,3610.9552487962474
2017-02-12,1052.4594671289728,-1325.4955240164088,3452.958602285091
2017-02-13,1252.927744134771,-1385.6924419215052,3637.270934256336
2017-02-14,606.4607845216224,-1993.1634402047007,2981.553924757326
2017-02-15,-377.2524309402261,-2944.860535770485,2193.6658965988468
2017-02-16,561.9681444063892,-2051.3971813766243,3134.520680884642
2017-02-17,1009.7113365364586,-1447.867059257761,3544.0714032120004
2017-02-18,739.0131816650176,-1737.4663479175651,3369.004080601017
2017-02-19,859.5020756752168,-1464.2373407969596,3274.8133623264584
2017-02-20,1121.9560404430522,-1329.889402784525,3635.103685240399
2017-02-21,543.2739263571111,-1792.6536978361598,3035.1105919712654
2017-02-22,-368.1978531217692,-2784.1747073142133,2025.558429203777
2017-02-23,646.2761139693221,-1875.3643404773532,2937.573060713484
2017-02-24,1170.7712784285518,-1468.45879079658,3662.687329872145
2017-02-25,976.7762075496878,-1488.4705923074046,3365.472905765161
2017-02-26,1172.3728673821718,-1365.931446579045,3561.937004347897
2017-02-27,1506.8286701291522,-950.2674131334863,3961.2156680907306
2017-02-28,995.6012850478344,-1484.7375298252646,3580.37996111609
2017-03-01,145.69702435318186,-2362.255620156516,2751.792654846442
2017-03-02,1214.6412446066624,-1292.9327374394693,3636.987560479857
2017-03-03,1785.4550122696803,-712.9438488112421,4170.253999353319
2017-03-04,1628.7498992680555,-960.6413780963052,4005.3845205428097
2017-03-05,1851.9256107367744,-679.4888994835677,4277.221821965797
2017-03-06,2203.774652488496,-126.19328429151864,4672.038016266335
2017-03-07,1699.4948028575152,-738.77864542363,4159.095385575249
2017-03-08,846.0500905360867,-1538.1623615632532,3568.4480098793515
2017-03-09,1901.1387338256968,-404.296934355384,4314.183886531764
2017-03-10,2448.16242784042,169.80871317030946,4715.201884789814
2017-03-11,2258.309101260604,-307.5147371849934,4735.860749642117
2017-03-12,2439.734210312337,-35.18315280587506,4955.490081473838
2017-03-13,2742.1452422958287,377.207978633214,5136.318270475291
2017-03-14,2181.7907441693437,-480.81372761132894,4787.148643270962
2017-03-15,1266.795199840612,-1188.926625314217,3693.03507551192
2017-03-16,2256.0988880108107,-251.32654950817152,4722.9996165579
2017-03-17,2734.3978203006363,259.60085067711526,5347.425734582655
2017-03-18,2474.1966125338186,12.779955196119657,4891.869264662897
2017-03-19,2584.9600877932794,-5.469850143819665,4982.998357324566
2017-03-20,2817.6689955923766,328.8896478331452,5212.166043196342
2017-03-21,2189.781838333066,-324.27732484795024,4699.330557817598
2017-03-22,1210.5447514452587,-1301.9859827133987,3901.5574453768354
2017-03-23,2139.9091243450425,-126.17319642626416,4604.086360603809
2017-03-24,2563.4525366088037,16.401339980738392,5035.908809720933
2017-03-25,2254.4162461893534,-149.82992892784495,4820.198547617511
2017-03-26,2322.845313146826,1.627987932108079,4855.15821257423
2017-03-27,2520.136923901996,-104.8189845532384,5036.173773657951
2017-03-28,1863.998981067695,-803.0334583733011,4292.400575883547
2017-03-29,863.7608726078171,-1711.146523399479,3358.138688133453
2017-03-30,1779.2959713294842,-609.6844841141307,4467.056000086688
2017-03-31,2195.9512052183613,-442.0328842951855,4626.405901821259
2017-04-01,1886.5966117674616,-679.2960908699744,4289.535426933141
2017-04-02,1960.7805567121336,-277.9210115689176,4554.884134128094
2017-04-03,2169.295711838089,-411.4551644125661,4775.228697111831
2017-04-04,1529.1573329669538,-1018.8974082101892,4086.936830924105
2017-04-05,548.935189184572,-1985.4075069226656,3082.9603431637365
2017-04-06,1487.6981083081887,-1070.050745088505,4051.52225777329
2017-04-07,1929.965885769652,-527.9271345464176,4471.247345799803
2017-04-08,1647.780884956059,-718.1806239618771,4034.897591264648
2017-04-09,1749.884447764916,-860.928452445386,4269.011142207368
2017-04-10,1986.3026860727275,-271.98295169694785,4577.943086402138
2017-04-11,1373.3427217983028,-1037.26297314588,3901.196152284245
2017-04-12,418.9403150899834,-2286.409785661203,2868.7215186429166
2017-04-13,1381.6175053666966,-1043.3446928448,3885.566234157708
2017-04-14,1845.444750731,-409.2398135135864,4097.661289492133
2017-04-15,1582.1197156725857,-868.6544180684754,4085.529983127612
2017-04-16,1700.1477340786653,-1070.019510310889,4335.079827573171
2017-04-17,1949.4285130244375,-566.0525170573532,4267.411240431246
2017-04-18,1346.2502244044058,-1105.58593631717,3840.510818879253
2017-04-19,398.6320835735819,-2017.8379875957487,2889.69771369158
2017-04-20,1365.2742733509697,-1112.3941093305998,3811.138782372128
2017-04-21,1830.509998201574,-666.785691525343,4442.190999880958
2017-04-22,1566.372173808147,-971.6687182670316,4150.656161985186
2017-04-23,1681.7601791945583,-1028.186705612481,4171.3698770702695
2017-04-24,1927.011669731613,-585.562973985791,4358.519448503214
2017-04-25,1318.8810511408003,-1439.672200570281,3724.979937929758
2017-04-26,365.86617382848885,-2208.9123395392494,2821.854605609273
2017-04-27,1327.1425604546516,-1171.0541563975669,3791.528674794676
2017-04-28,1787.5003881018615,-576.9656082419933,4307.0258867212815
2017-04-29,1519.3971371934806,-990.979104579516,4002.8091149763495
2017-04-30,1632.111701182707,-955.4812865971306,4244.602417689546
2017-05-01,1876.3052730487016,-522.128180170241,4371.915080825757
2017-05-02,1268.9908696085186,-1174.1308742361384,3727.878994869893
2017-05-03,318.8532513847456,-2183.8611093289064,2668.770703569574
2017-05-04,1285.1786828308193,-1084.628872616531,3716.840704170562
2017-05-05,1752.7898178308978,-783.0443701798698,4405.840672596272
2017-05-06,1494.0986176155166,-970.1949131596724,3966.977922144568
2017-05-07,1618.26302373439,-686.5627843257269,4183.803477309485
2017-05-08,1875.7525677627675,-454.9027899613495,4551.040869921313
2017-05-09,1283.3245870743438,-1255.1331480810543,3518.445344398181
2017-05-10,349.3525621354661,-2037.102718803448,2880.208488243269
2017-05-11,1332.7657354493376,-1129.4743371929785,3733.9271559399776
2017-05-12,1817.9949790137052,-689.5195277858808,4218.6366207468745
2017-05-13,1577.037476041482,-904.7376967704636,3946.2632278278033
2017-05-14,1718.6255848508993,-738.705827121606,4196.554350058024
2017-05-15,1992.8047091865064,-312.5312775754243,4537.630028338435
2017-05-16,1415.9214941620885,-1127.333278944438,3792.186917564416
2017-05-17,495.9635303907621,-2001.5936389997516,2853.2503299250093
2017-05-18,1491.509419592297,-863.4192524442382,4070.0318786544126
2017-05-19,1986.683895978575,-484.96418217108913,4665.8859271844585
2017-05-20,1753.2303376387315,-810.4405255026683,4297.046400125053
2017-05-21,1899.6858508748585,-569.7730434207659,4455.504098087324
2017-05-22,2175.963617497893,-354.8517250139733,4667.988570365302
2017-05-23,1598.3437430837316,-888.9784964754614,4090.957201829377
2017-05-24,674.8137616605306,-1784.082621764398,3107.075531506044
2017-05-25,1664.0176763446837,-874.1253336958079,4243.800636960236
2017-05-26,2150.208307697072,-388.21300899328304,4805.326301443739
2017-05-27,1905.3154089472496,-554.4583788174187,4267.310948165563
2017-05-28,2038.1148987681809,-489.96610878079866,4772.992048327224
2017-05-29,2298.80410583355,-68.02844978236942,4941.048770355252
2017-05-30,1703.9844973027004,-788.7209394164256,4027.092709923738
2017-05-31,761.9933028478649,-1777.5444804831268,3309.0565120997417
2017-06-01,1731.8431840821588,-794.3501195007334,4106.879078305668
2017-06-02,2198.1649973451576,-270.1437915204325,4756.776600826505
2017-06-03,1933.2663828347395,-496.2291795412788,4232.110896463876
2017-06-04,2046.291794368387,-576.6937940225905,4630.139831865273
2017-06-05,2287.789110009978,-260.16889128081266,4598.693915036738
2017-06-06,1674.6845173780457,-714.4584304303826,4327.568496450464
2017-06-07,715.607276816919,-1935.4583067177791,3092.602042978591
2017-06-08,1669.8236691123857,-813.5095349679059,4156.68622826814
2017-06-09,2122.175294039339,-277.5150261266609,4424.477360942982
2017-06-10,1845.1345304886308,-718.3261019941561,4344.235723114613
2017-06-11,1947.9628083202808,-700.6748978480772,4397.783906719777
2017-06-12,2181.276826650549,-356.5494542412161,4524.515358686388
2017-06-13,1562.0243666545937,-1045.1524675553424,4206.243721907364
2017-06-14,598.8112190901843,-1925.9289589240832,3081.843897532566
2017-06-15,1550.8384163413032,-784.9987343296816,4187.830246838239
2017-06-16,2002.8447894259384,-505.5972288352018,4514.783144382276
2017-06-17,1727.1674910348274,-712.4458737690945,4242.219998821465
2017-06-18,1832.9059473028644,-631.6088298265188,4538.595419416422
2017-06-19,2070.4941741196144,-498.74742001740304,4406.958563277697
2017-06-20,1456.6829022083832,-1057.7235980924577,3777.9002800949856
2017-06-21,499.87282874988273,-2040.258178043876,2934.664701026677
2017-06-22,1459.0579908694806,-1072.6183703534834,3926.223658523877
2017-06-23,1918.774100352528,-545.1632787868305,4316.518131307584
2017-06-24,1651.164318628069,-762.7774238514568,4096.970672251707
2017-06-25,1765.147796015472,-792.060227597452,4200.27102509477
2017-06-26,2010.99579941484,-485.3904423468467,4505.514626919062
2017-06-27,1405.3167908671055,-1048.579948339215,3877.138487534363
2017-06-28,456.3917244601596,-2013.652853971509,2711.2344367667056
2017-06-29,1423.1185387920657,-1091.883755642374,3796.399931634349
2017-06-30,1889.9606979835985,-588.9370372075327,4304.8344829472
2017-07-01,1629.012304402742,-777.5131120064619,4166.178127931671
2017-07-02,1749.165179225161,-641.2242235204895,4271.719598977344
2017-07-03,2000.6828320435477,-328.2760457248308,4451.690431528102
2017-07-04,1400.1827999804573,-891.6191727312467,3920.000609200745
2017-07-05,455.9687582746151,-1946.476963417997,2804.4405527573363
2017-07-06,1426.9715254818782,-1159.0502352521798,3898.6850685635673
2017-07-07,1897.6939686207568,-505.5388878904943,4417.950728954517
2017-07-08,1640.2724846211147,-940.08525308139,4218.425538131243
2017-07-09,1763.6406031203394,-888.8190156046319,4171.412139508593
2017-07-10,2018.0997714448788,-579.1913527851682,4513.344235556074
2017-07-11,1420.298927853246,-1112.646316448596,3925.603747387101
2017-07-12,478.5643725862476,-2205.320928666071,3116.295681540191
2017-07-13,1451.8391459652064,-945.2580213132572,4272.412414589849
2017-07-14,1924.6269807530712,-512.1120453316934,4503.642777109004
2017-07-15,1669.053540964981,-821.3564285104477,4212.532773175869
2017-07-16,1794.0305010423376,-534.4703008968188,4265.674038959619
2017-07-17,2049.8275079336954,-558.9510937348315,4509.2568724566445
2017-07-18,1453.0535876254503,-948.9914449824918,3863.583043470716
2017-07-19,511.98943650713727,-1930.4155257777963,2976.437317587245
2017-07-20,1485.529715490519,-1069.3539487548733,3878.352793482736
2017-07-21,1958.130303737431,-463.8393440244424,4463.6420846037245
2017-07-22,1701.8730986537269,-916.7223006453256,4017.033115966078
2017-07-23,1825.6337794086817,-844.1040297017859,4191.842246604
2017-07-24,2079.657433447985,-231.81383617686777,4743.308320873432
2017-07-25,1480.543462766638,-915.5481633537224,4076.075579682649
2017-07-26,536.5810684830246,-1934.034263437572,3107.2645039452914
2017-07-27,1506.6942976237365,-976.6572794537404,3931.5809988094
2017-07-28,1975.391486985123,-479.8052813430826,4477.997621402212
2017-07-29,1714.8315848882555,-827.9134074131604,4179.05307594792
2017-07-30,1833.9926818096335,-524.7100978218289,4252.478621702302
2017-07-31,2083.24758565925,-378.0028335178896,4782.147865875778
2017-08-01,1479.3478192885627,-1070.910846334399,4036.541478836217
2017-08-02,530.7573258293232,-2027.1783325965048,3134.257133434397
2017-08-03,1496.5948793404236,-1000.252185729581,3956.4789320373534
2017-08-04,1961.5800758931,-663.3208292080477,4259.414291774019
2017-08-05,1698.095451433676,-1086.6981736140565,4021.685508354195
2017-08-06,1815.3501470348897,-616.544197640009,4198.289473705684
2017-08-07,2063.9500678765253,-239.2673909422772,4485.637727087908
2017-08-08,1460.8760426783963,-755.08500391107,3823.863444605546
2017-08-09,514.8114128482177,-2107.852323824769,2945.456082521552
2017-08-10,1485.0782032032566,-1050.5582322653304,3817.92577721503
2017-08-11,1956.5769102490792,-415.51244306719593,4392.580243593211
2017-08-12,1701.8426171454632,-859.1775584834882,4102.079206402246
2017-08-13,1830.203016299688,-672.4648087384309,4435.96049887031
2017-08-14,2092.343439500248,-481.4332894399016,4713.820106513401
2017-08-15,1505.2805449214477,-1104.2712079662297,3911.683992570811
2017-08-16,577.6862181294466,-1913.2903571762272,2987.9237214397594
2017-08-17,1568.8209489259991,-893.3638328822076,4022.037544972099
2017-08-18,2063.471808974312,-442.1569341444885,4475.905015302603
2017-08-19,1834.0078055121285,-505.56052565403735,4055.422971620247
2017-08-20,1989.5382335352535,-651.97623080542,4593.6328984750335
2017-08-21,2280.47914258438,-209.98607776977,4961.403818285307
2017-08-22,1723.5295579558958,-722.2011156186154,4203.13844001991
2017-08-23,826.9989791093165,-1582.5890702040383,3238.5168937280205
2017-08-24,1849.7453586403644,-588.4692612646738,4214.126291573657
2017-08-25,2376.118606341531,2.30861002266236,4811.996511073568
2017-08-26,2178.0222932190336,-266.3391722376945,4673.721007975952
2017-08-27,2364.079060299337,-343.2227126038033,4798.702157846233
2017-08-28,2684.204716663137,63.144741492161536,5102.438585369642
2017-08-29,2154.5925240901474,-553.7286664619953,4680.566845792082
2017-08-30,1283.0490412209208,-1232.5920002421328,3703.603573094435
2017-08-31,2327.9405769725554,-23.206363642822154,4855.109808748859
2017-09-01,2873.145143713225,516.3493999353435,5389.534662488917
2017-09-02,2690.1224338919696,281.18053356363407,5205.418681462455
2017-09-03,2887.087179877208,202.83808180149867,5275.370772697217
2017-09-04,3213.590745016335,558.3240909926371,5910.998936133397
2017-09-05,2685.512318048034,47.0082208754868,5277.33392204026
2017-09-06,1810.400971612761,-664.973767145038,4286.195969304305
2017-09-07,2846.4275371281474,405.6819207014966,5393.384579275849
2017-09-08,3377.3411046813744,1027.4459303190436,5737.383622600976
2017-09-09,3174.5426062800834,610.9473448407936,5718.657573339729
2017-09-10,3346.2607932672668,706.0575748877437,5756.554906710002
2017-09-11,3642.135423425646,1130.4487402522211,6104.674406113497
2017-09-12,3078.209013109324,399.3896462341639,5634.652757314937
2017-09-13,2162.268413418677,-504.41534205922926,4624.891956645394
2017-09-14,3152.795174666211,551.641818950032,5602.89828923581
2017-09-15,3633.9195325178953,988.8587423376704,5975.2126538317125
2017-09-16,3377.4905100384103,974.0952440157964,5741.772503914388
2017-09-17,3492.247492231737,986.0603993326964,6036.0406065251445
2017-09-18,3728.398142949825,1257.821284490949,6450.384776643997
2017-09-19,3102.6040810956893,639.8229145892767,5636.571727766573
2017-09-20,2123.315642844453,-200.1578859306412,4580.061405149344
2017-09-21,3049.714767112151,627.7578233691045,5434.5460804664335
2017-09-22,3466.6609150583963,1083.5341767802609,5776.67129214152
2017-09-23,3146.752599134974,680.6545780741704,5908.170652659056
2017-09-24,3199.489963238016,692.4195579213634,5664.192582236261
2017-09-25,3375.843372154701,1096.1165747594885,5920.175227388233
2017-09-26,2693.2295190566374,365.56024291545305,5224.08215572336
2017-09-27,1660.8364731994618,-793.7268771844481,4188.087877293742
2017-09-28,2538.5568042454265,145.42752923083785,4993.377986171476
2017-09-29,2911.9237972611963,397.6325990047581,5437.126769396632
2017-09-30,2554.16344128174,196.75872367720345,4933.62512759158
2017-10-01,2575.3477446321417,73.74435967414891,5335.114039428194
2017-10-02,2726.954450864031,480.8302437771683,5313.146305444234
2017-10-03,2026.8347834979368,-366.5293898746512,4531.346578327562
2017-10-04,984.5307640545916,-1562.1900232220644,3384.998345797378
2017-10-05,1860.2013643305384,-670.3690904145038,4358.778729992991
2017-10-06,2239.552631882834,-189.98172693019916,4764.02544197831
2017-10-07,1895.88459576012,-546.9538870856632,4270.062902229374
2017-10-08,1939.240626316615,-758.9794303901406,4554.548671984898
2017-10-09,2120.964438176145,-519.4450226103579,4694.213930296353
2017-10-10,1458.666471133626,-976.5158480304408,4044.991506546533
2017-10-11,461.54128878560937,-2060.162449261474,3023.1171593505505
2017-10-12,1389.2953363600425,-1255.299992312295,4016.3007944387655
2017-10-13,1827.080259372064,-805.638521996547,4474.805252296938
2017-10-14,1547.5446315533893,-994.424181251468,4242.202285458767
2017-10-15,1659.9897829338724,-993.7328409638012,4189.029964725711
2017-10-16,1914.9349069647449,-545.2087403082115,4467.564708398001
2017-10-17,1329.0931414644267,-1173.7518421161649,3884.406910421396
2017-10-18,410.7001913811523,-1988.6461655627004,2845.45634362758
2017-10-19,1418.4547297413592,-1089.450937864622,4168.397208548402
2017-10-20,1936.46563940924,-656.165177107059,4185.097633492302
2017-10-21,1736.318771096853,-684.0095977208521,4224.811860705962
2017-10-22,1926.248702681552,-490.5691219984102,4382.269962761081
2017-10-23,2255.720441675767,-238.39457010857947,4675.179375295683
2017-10-24,1740.4225005338762,-740.7553979421941,4101.227924972787
2017-10-25,887.6126230349851,-1805.849121356773,3541.478473925886
2017-10-26,1955.075088794296,-366.73159676407647,4408.1522227488
2017-10-27,2526.08433481013,-41.89170730075517,4934.210222440245
2017-10-28,2371.4872380474567,-138.11378755692732,4733.648769626034
2017-10-29,2598.88921158996,48.87661209784597,5091.395250932179
2017-10-30,2957.248730359366,456.96164830206527,5379.099740897172
2017-10-31,2461.88140445555,119.09128744644345,5085.787779265917
2017-11-01,1619.8145891148922,-691.8683831837881,4280.585777727
2017-11-02,2688.7511991376778,341.8918018843344,5274.04522666562
2017-11-03,3252.037245369808,825.4842449743495,5847.106523123383
2017-11-04,3080.745260689765,603.9166815062407,5633.666284741997
2017-11-05,3282.8586428189374,923.1887380292922,5733.341138081019
2017-11-06,3607.861461454352,1166.7073795647802,6050.866998354755
2017-11-07,3071.7348404027025,338.02959852899886,5751.692015049485
2017-11-08,2182.300960545206,-283.205184780897,4760.66102860373
2017-11-09,3198.173474146739,509.4174901883264,5572.02641879794
2017-11-10,3703.709036766383,1044.3512844048475,6194.7906853957575
2017-11-11,3471.072377262508,1022.9118878065252,6148.973681474484
2017-11-12,3609.4002476408623,1018.0771905840209,6130.846297243737
2017-11-13,3869.369171064575,1340.309431989452,6335.583101730423
2017-11-14,3268.1685196673407,797.9360631930793,5763.608441540201
2017-11-15,2314.8204310511937,-501.5221582772499,4877.098842092615
2017-11-16,3269.1058500513464,759.7456837756059,5766.570503895669
2017-11-17,3716.4919204309126,1198.0652402890128,6166.8942219989
2017-11-18,3430.1736765935043,711.0501557324509,5788.829664175891
2017-11-19,3520.215905660033,1038.856575649123,6023.649983101062
2017-11-20,3738.1006132490543,1221.4073506446437,5992.418757124754
2017-11-21,3101.6821136324816,550.9761153600012,5641.257801570507
2017-11-22,2120.491703625535,-524.2148775362272,4683.078078974183
2017-11-23,3054.6516069276117,434.79342579592463,5589.538340107884
2017-11-24,3489.7937523713904,987.0912754589446,5893.395733199485
2017-11-25,3199.0966037079625,876.9844691168647,5759.8774929446045
2017-11-26,3292.426099184303,903.1361499740086,5788.673700238568
2017-11-27,3520.886235870387,1131.5561977734394,6077.958690044682
2017-11-28,2901.781329861868,492.9213965372463,5448.313011788811
2017-11-29,1943.9318284673384,-711.3819393228349,4498.983329955697
2017-11-30,2906.603183517976,464.14670182250967,5305.388958312456
2017-12-01,3374.4430794694363,948.3893214125244,6035.0601618895225
2017-12-02,3119.539875818877,638.860683523406,5768.876106678403
2017-12-03,3250.58788245106,819.9429296696917,5875.373308857152
2017-12-04,3517.464490036876,896.2288504392471,5980.761210934922
2017-12-05,2936.2206114640176,365.3642808030114,5362.853969440909
2017-12-06,2014.4256852761644,-602.5998362595343,4417.493145183462
2017-12-07,3010.126089104829,328.4306942635926,5333.385058217784
2017-12-08,3506.8115748328164,1035.8620768365483,5979.889815196132
2017-12-09,3275.50189821991,829.5434914980639,5787.64031890857
2017-12-10,3423.938586478503,842.9666742439273,5754.302616869321
2017-12-11,3701.18621903106,1245.183442633667,6285.066552713763
2017-12-12,3122.644074870912,721.0522620966481,5468.5808870565
2017-12-13,2195.408854738356,-63.61224856033413,4760.616943016534
2017-12-14,3177.2468573741885,637.693682462642,5659.078853199554
2017-12-15,3651.569839455966,1091.343502463645,6132.616387227383
2017-12-16,3389.526447390784,954.9566174252652,5771.663745987492
2017-12-17,3499.1939857338643,1028.8005021520198,5928.488653646128
2017-12-18,3730.174830935959,1299.067642669096,6069.7342647978185
2017-12-19,3098.5983927276147,573.2854604816287,5452.28311646998
2017-12-20,2112.4694963362863,-309.8575020986664,4486.385741434979
2017-12-21,3030.6218436422096,749.2422606090907,5569.167189736911
2017-12-22,3437.6711704839045,878.2419524561005,6116.8412290793485
2017-12-23,3106.0804767402738,449.2505148327404,5705.705113836841
2017-12-24,3145.32267282738,665.3639626968185,5579.3508787725
2017-12-25,3306.4456077499526,849.9658078651191,5655.9461511772615
2017-12-26,2607.041099973291,139.4423714396401,5154.764115915253
2017-12-27,1556.5596091642092,-943.2401511495328,4062.0021650069866
2017-12-28,2415.229999487064,32.69032447115277,4879.036372017346
2017-12-29,2768.9798131001558,252.72175085683372,5233.364835251909
2017-12-30,2391.469221113712,-63.842381794212,4896.015440060823
