ds,yhat,yhat_lower,yhat_upper
2014-01-03,1359.425949564781,-829.9391845206235,3860.194398497518
2014-01-04,992.2031630054963,-1414.3988881729595,3453.699381089664
2014-01-05,1011.974847334435,-1358.0436981814025,3430.3859663144544
2014-01-06,1170.3579894008392,-1120.2520845859126,3579.9470035809477
2014-01-07,485.159554712733,-2083.0913972727703,2988.885946419488
2014-01-08,-534.3168472508303,-2875.762929207211,1936.8318201128634
2014-01-09,371.649187156774,-2156.0187984040363,2899.6132393038047
2014-01-10,788.1239669888648,-1759.5508125701824,3220.0383639436745
2014-01-11,487.5708009773266,-1982.9990127101134,2854.0130976957985
2014-01-12,579.0088329078378,-2010.95101985889,2912.674279523975
2014-01-13,812.5847544756571,-1569.2069449398423,3312.4515923482354
2014-01-14,204.5589389450097,-2331.3152059406307,2857.012997210265
2014-01-15,-737.3526936743981,-3095.0104249832793,1850.8834424818283
2014-01-16,244.97780002014815,-2275.0059751022272,2634.087647274686
2014-01-17,735.0560914832572,-1563.992328558397,3361.259922628097
2014-01-18,503.8526644421462,-2099.0267672763907,3133.879950980345
2014-01-19,658.9961768180314,-1718.9366040031807,3127.599130633428
2014-01-20,949.3774083359249,-1404.0897430042826,3324.560620762223
2014-01-21,390.1645607762654,-1981.3244894845623,2969.302138576132
2014-01-22,-511.8294836612381,-2796.126568997422,1980.6525472516037
2014-01-23,500.8303176235305,-2002.4805083730187,2908.0980663320447
2014-01-24,1011.1829733390921,-1546.1891775808613,3568.192750221027
2014-01-25,789.9693459526591,-1669.4514357251956,3232.256559317078
2014-01-26,944.8307509217038,-1620.7721371369012,3571.2164405252715
2014-01-27,1224.912441003351,-1213.1343429650265,3877.708852208515
2014-01-28,645.8727453857849,-1778.1094936549875,3145.5831199711242
2014-01-29,-284.76139034743824,-2787.6662067549596,2365.1539460996473
2014-01-30,691.366074939056,-1774.8795527212305,3212.4588935819224
2014-01-31,1158.400202974389,-1331.3512546895413,3684.888569095914
2014-02-01,888.3467239973827,-1824.3574366407986,3379.2946301749053
2014-02-02,990.2406631420445,-1447.8712630597636,3464.1608799228675
2014-02-03,1214.7168348892578,-1128.443450728323,3638.263388704657
2014-02-04,578.9837638282075,-1812.672555249318,3069.6026185347237
2014-02-05,-407.85738059529876,-2715.962210354144,2237.3044789753385
2014-02-06,514.1105770915334,-1966.7128855673539,3047.52040570604
2014-02-07,930.5439978388554,-1640.565302762283,3392.56892858921
2014-02-08,614.8745771609614,-2030.0375128249693,3096.9737053126946
2014-02-09,677.4445618702612,-1616.8949932928942,3168.6740930772344
2014-02-10,870.0467136495229,-1617.5800298625486,3512.2562911540304
2014-02-11,210.87129562613768,-2332.9519998736696,2708.6461667132767
2014-02-12,-790.1977019043918,-3479.8272776191466,1584.784171238882
2014-02-13,127.32284015547361,-2397.551474258731,2649.824612052039
2014-02-14,549.4255464115323,-1865.8395085616005,3118.97363600329
2014-02-15,249.64133126655418,-2370.4766206324216,2818.801613641192
2014-02-16,338.17283711627044,-2260.2970017024736,2958.909937318807
2014-02-17,566.4382177739175,-2145.049064894408,3155.9279324814943
2014-02-18,-47.972576119608675,-2548.8192975057864,2499.173970453986
2014-02-19,-995.9870540825045,-3525.110679116257,1559.353636281438
2014-02-20,-18.125420684722258,-2592.4868250803684,2369.9178153174935
2014-02-21,470.4335145425241,-1876.947809618096,2986.923890415572
2014-02-22,241.908590587238,-2230.2808912168834,2694.2157648589678
2014-02-23,405.0802772136658,-1939.1243123665479,2796.999696103678
2014-02-24,709.8673281159535,-1889.696210879474,3248.6016021226533
2014-02-25,172.31745872994316,-2227.1837556525875,2814.8400204178092
2014-02-26,-700.0468187663491,-3202.7088732655843,1760.0650726928488
2014-02-27,350.7315159944011,-1975.9219445707772,2801.6305495807987
2014-02-28,908.0120585119175,-1694.5107437328168,3347.630662082388
2014-03-01,742.6454442824256,-1741.4514171452156,3352.1253937612755
2014-03-02,962.1670329286005,-1439.408232563282,3376.0752854952693
2014-03-03,1315.4000785874714,-926.5825786938454,3851.999933623369
2014-03-04,817.4691502284679,-1437.0321578631174,3371.7823560423503
2014-03-05,-24.83555715821808,-2609.365671695628,2478.9820214040747
2014-03-06,1045.9153170103182,-1707.4822943006195,3485.61285752431
2014-03-07,1612.7672817366172,-965.9494921016599,4131.851710604217
2014-03-08,1446.4743219743098,-1012.1557021691092,3990.9681370688504
2014-03-09,1654.6913759336003,-1003.7504735241686,4178.975736319026
2014-03-10,1986.5713367015214,-676.532429330346,4560.817009086964
2014-03-11,1457.7675687167196,-1092.5205795175127,3772.7658864147675
2014-03-12,575.7829190364744,-1973.9421356404048,2999.901952645261
2014-03-13,1598.9240019724155,-1011.0999811370925,4008.5988905371187
2014-03-14,2111.2555027033836,-419.16811161403825,4550.584023003916
2014-03-15,1884.6670069657412,-538.4935944397016,4418.5979522504085
2014-03-16,2028.037826461115,-542.0834038976092,4510.876737850037
2014-03-17,2291.8049001268255,-202.8087845882628,4653.245848756458
2014-03-18,1692.935490381344,-813.0886163159785,4205.515857946887
2014-03-19,740.2463870480767,-1819.516840611377,3159.337961849384
2014-03-20,1693.3291159210821,-669.2492243945283,4059.243517159535
2014-03-21,2137.4765839870447,-222.46655998449577,4545.881520049118
2014-03-22,1845.7243057907503,-638.4833254456889,4289.858328524959
2014-03-23,1927.992254037675,-745.8877350408144,4361.0537031040185
2014-03-24,2135.6329104892147,-374.71624472572506,4738.311234837564
2014-03-25,1486.3876437294264,-987.387565080641,3899.1569908491624
2014-03-26,489.69343675630796,-1956.6795388253827,3075.3305207931076
2014-03-27,1405.5996684099255,-1047.747542994919,3854.918876236483
2014-03-28,1819.6904813274082,-719.3666343141867,4207.252808527906
2014-03-29,1505.1258747142676,-1005.4234698672723,4186.028202920106
2014-03-30,1571.7874543308164,-734.2315042057654,4288.372234555482
2014-03-31,1770.8342056394433,-818.7051771047988,4268.504496493545
2014-04-01,1119.0480925946033,-1336.071705867646,3739.3453638255733
2014-04-02,126.02123064143098,-2432.3989164279747,2518.684399977483
2014-04-03,1051.2236634057338,-1311.9799490350244,3673.0100208919853
2014-04-04,1479.5669836203485,-758.3191968706441,4076.205310858784
2014-04-05,1183.4662722922756,-1280.6831792308726,3511.189400983329
2014-04-06,1272.0077287913327,-1142.075631502339,3742.571481281519
2014-04-07,1495.5267648454194,-1094.2448152285997,4007.257288800328
2014-04-08,870.5977982782143,-1678.1291680168576,3577.803541521264
2014-04-09,-94.6231837344501,-2626.2405630073395,2457.3778460312215
2014-04-10,858.5554227224054,-1470.5618160667666,3461.0257187987963
2014-04-11,1314.3209034025365,-1270.2323884026441,3638.0463415873337
2014-04-12,1044.4344646323186,-1341.954051713073,3488.399298868704
2014-04-13,1157.412637521829,-1290.9953732938814,3617.6222218414264
2014-04-14,1403.116338775593,-1125.2734533522087,3917.0939086935923
2014-04-15,797.748624584782,-1769.1034458958559,3199.132883400066
2014-04-16,-150.7979060781413,-2736.066064790652,2418.3907979741243
2014-04-17,816.014629078415,-1645.3113053385684,3295.563018629185
2014-04-18,1282.3280656149227,-1287.0068469765931,3748.5063055206197
2014-04-19,1019.9620876696299,-1504.26133004158,3365.4677201654067
2014-04-20,1137.5885563670063,-1388.1929750753013,3603.0176008673775
2014-04-21,1385.3110461345177,-974.6244884720644,3915.8383498075
2014-04-22,779.6509677405361,-1879.1981940598025,3203.61573609415
2014-04-23,-171.1183756419971,-2661.38116512858,2397.100121879909
2014-04-24,791.9693144060737,-1656.1130725965968,3297.6359220163968
2014-04-25,1253.5165224773891,-1309.770624494036,3888.0480027925614
2014-04-26,985.8199539758559,-1396.7737591386576,3546.73428144218
2014-04-27,1098.0290782843344,-1553.5509869276864,3630.700682115943
2014-04-28,1340.710397468933,-1131.555046973073,3654.7128533408372
2014-04-29,730.8192346861285,-1707.416240615664,3304.404430549749
2014-04-30,-222.9792335739162,-2669.7691287980683,2303.3818193924635
2014-05-01,738.6197430611784,-1872.3301484530891,3155.805732796482
2014-05-02,1200.494214758774,-1339.2973667661308,3734.9998394474183
2014-05-03,935.1462328368489,-1395.5198795895994,3694.012963252873
2014-05-04,1051.8553401564664,-1603.852841332565,3347.2249381139977
2014-05-05,1301.2401483011993,-1154.6499472156368,3665.665256348368
2014-05-06,700.2298077196983,-1922.5294159220364,3116.4942833275577
2014-05-07,-242.6129601057978,-2710.437370618112,2231.720838184925
2014-05-08,731.8420569453676,-1863.3300644382105,3103.7391411302274
2014-05-09,1208.232507828004,-1259.5172377193985,3614.804267768727
2014-05-10,958.7621907865379,-1393.9965522865098,3526.4289498788826
2014-05-11,1092.3640708366077,-1530.1419310642084,3701.274366058045
2014-05-12,1359.272589343471,-1041.108152218755,3923.7937995530983
2014-05-13,776.0067354386717,-1857.472222057069,3199.3207378557067
2014-05-14,-149.2948041202742,-2509.947675483143,2272.9361857453496
2014-05-15,842.0725486287629,-1616.7231237666176,3373.339550628128
2014-05-16,1334.3312989462595,-1195.3005230744877,3634.930387013843
2014-05-17,1099.2921343586156,-1266.7057048046945,3388.7767126335725
2014-05-18,1245.5276483867387,-1078.4387312870601,3690.734744272341
2014-05-19,1522.9542256614784,-1137.289721630139,4045.069389608204
2014-05-20,947.8233182977543,-1605.6791732727884,3493.5476313337285
2014-05-21,28.063233143058824,-2537.9261754409513,2591.212930324522
2014-05-22,1022.2302504309118,-1579.0217639365935,3545.0150844227733
2014-05-23,1514.463765404847,-974.1960492900757,3987.841387881918
2014-05-24,1276.5578139895833,-1217.008328556669,3865.4785146377194
2014-05-25,1417.1342200782076,-1096.0733569607103,4189.902884763576
2014-05-26,1686.2221347094453,-1020.9802623146336,4156.32575005981
2014-05-27,1100.2453079045822,-1408.4935821077813,3481.9289192825863
2014-05-28,167.35837037968577,-2343.0539971956723,2534.4000623617135
2014-05-29,1146.391141344537,-1302.4292506759462,3560.446225433554
2014-05-30,1621.795881324615,-851.0329211653208,4073.99894978433
2014-05-31,1365.7101024649976,-972.364715354571,3797.51261686603
2014-06-01,1487.1204414463596,-874.8932919459636,4024.236245130478
2014-06-02,1736.4326407670756,-572.3555831562371,4467.911410583255
2014-06-03,1130.4492543893593,-1149.2120588700393,3686.2162915526083
2014-06-04,177.696621785753,-2094.9059221944176,2804.3055229135016
2014-06-05,1137.3603777058145,-1230.4864980542134,3639.276085994425
2014-06-06,1594.2246449077775,-962.3665271746046,4110.274476429838
2014-06-07,1320.7277218926163,-1028.8481734153477,3865.1625551140737
2014-06-08,1426.1199366741578,-1072.5101281965353,4051.333709078652
2014-06-09,1661.0288405615784,-931.4045971784715,4222.390586144645
2014-06-10,1042.4334459777908,-1354.7539926577563,3498.54113229233
2014-06-11,78.98909874507035,-2429.8221989781555,2632.2065510455486
2014-06-12,1029.9622568725076,-1278.3351664045617,3427.994137472013
2014-06-13,1480.1702872047333,-872.041314848523,4026.8456351548934
2014-06-14,1202.039017995015,-1229.5385716142325,3605.875370232841
2014-06-15,1304.7636096475014,-1177.4033925524543,3743.5309524723
2014-06-16,1538.877778493295,-966.4436549042449,3944.359405777707
2014-06-17,921.2329133846479,-1520.3100961115692,3267.3609176143163
2014-06-18,-39.6715080237052,-2593.06916034257,2357.0967725992746
2014-06-19,915.2528720302446,-1531.490363393737,3307.62739029849
2014-06-20,1370.629365908744,-971.6423689727827,3842.3088264204457
2014-06-21,1098.6801329660557,-1453.4556793577567,3660.0291302389446
2014-06-22,1208.3932549613212,-1322.2072562999329,3638.281028385125
2014-06-23,1450.0978445129929,-1108.9803278906218,3997.078389009015
2014-06-24,840.4485590633838,-1569.2190637999674,3131.2978554635615
2014-06-25,-112.2392176760352,-2650.0585356525103,2271.3191744139795
2014-06-26,850.9554298462511,-1573.7670716350895,3425.880315659608
2014-06-27,1314.508197465965,-1176.4094527655038,3734.1575774492662
2014-06-28,1050.441669494777,-1249.5537080555632,3580.6816212584877
2014-06-29,1167.7159230077868,-1323.7891689463547,3471.986702810099
2014-06-30,1416.5818894292404,-1061.6634899964417,3867.439000611402
2014-07-01,813.6394771124185,-1938.5607347850696,3442.3408129491986
2014-07-02,-132.82851498891023,-2445.3111766488755,2478.2448176512194
2014-07-03,836.0864147161947,-1626.7976320383827,3356.768757674379
2014-07-04,1304.8651127338962,-959.8169233471764,3687.9964485259547
2014-07-05,1045.6238502049728,-1403.429741849326,3488.401889222437
2014-07-06,1167.2793227017955,-1306.6359709496296,3630.08699785484
2014-07-07,1420.1205770150784,-1274.2600322288583,4014.506421325927
2014-07-08,820.7894276594548,-1573.5946263327544,3266.687366939632
2014-07-09,-122.38915914468998,-2637.621758175077,2373.9606589744494
2014-07-10,849.5324762575684,-1759.7657774657976,3356.4022786745645
2014-07-11,1321.0684478161606,-1220.7991709511361,3693.9275237665793
2014-07-12,1064.3600234284909,-1411.54860123964,3489.5330172939625
2014-07-13,1188.3388377207852,-1293.928614386055,3665.298368188163
2014-07-14,1443.2976930856223,-1097.5674659347517,3906.877587884467
2014-07-15,845.8705541024763,-1767.2453883350033,3388.7467250178647
2014-07-16,-95.63677117340285,-2453.247887176605,2602.682354818274
2014-07-17,877.6939155865703,-1637.5718809178663,3442.274420715169
2014-07-18,1350.338638667316,-1161.319090941757,3707.314628874782
2014-07-19,1094.39422923957,-1379.2798151541126,3636.887383013344
2014-07-20,1218.7443399157,-1134.180025871702,3800.985824869216
2014-07-21,1473.6334620585758,-959.3957529560315,3933.1239208902402
2014-07-22,875.6504288814925,-1459.5797503486244,3352.946646571263
2014-07-23,-66.93723646247645,-2562.2607557177284,2543.71928634295
2014-07-24,904.7609089153207,-1609.415284308535,3395.8265908971925
2014-07-25,1375.2072177210432,-1091.027627431482,3890.2424139355944
2014-07-26,1116.502216213528,-1470.9089358772803,3615.7525557192616
2014-07-27,1237.5534935284445,-1256.2141803814686,3565.027480007114
2014-07-28,1488.652060375962,-1010.1327766311041,3926.571886737785
2014-07-29,886.4575498974935,-1482.4915797633896,3595.6559312814725
2014-07-30,-60.6664715767929,-2652.516485085545,2528.079599140382
2014-07-31,906.2918832930493,-1626.746269829916,3478.770315338541
2014-08-01,1371.9411207990145,-1066.0527977705906,3811.915592191485
2014-08-02,1108.5510680753118,-1502.629936870133,3408.9096092332325
2014-08-03,1225.2193377653334,-1227.0153601485551,3651.0492455359436
2014-08-04,1472.4444329137907,-1123.266671824526,4051.807678649657
2014-08-05,867.1069242329709,-1554.4728368536935,3466.478623029473
2014-08-06,-82.19994875496695,-2461.771059085744,2436.108045215021
2014-08-07,883.7688200873315,-1547.6783730105644,3434.9135202439206
2014-08-08,1349.8525558706658,-1135.3706777945808,3733.5563664114366
2014-08-09,1088.5435437744543,-1271.7359541412034,3565.563858993721
2014-08-10,1209.1472698307673,-1140.2059575169756,3644.6884988505635
2014-08-11,1462.0759889113517,-950.6658658330185,3958.1528329927646
2014-08-12,864.6437625505738,-1527.744945919648,3284.729120549382
2014-08-13,-74.42861598879381,-2678.460332270216,2358.5263901080652
2014-08-14,904.1935144628346,-1523.1739190126716,3381.1202596807707
2014-08-15,1385.396586186715,-1096.2508443878826,3858.0299552987603
2014-08-16,1141.6735483967216,-1328.49700070383,3723.083821552859
2014-08-17,1282.2810813671908,-1125.32452553071,3767.1385895363587
2014-08-18,1557.8044103903712,-1051.376111234948,3995.091408223744
2014-08-19,985.1313864913277,-1333.5815037856485,3478.4020132959245
2014-08-20,72.77739448519128,-2447.632600469735,2621.559287102144
2014-08-21,1079.8203393961064,-1459.5065987176386,3651.994200296786
2014-08-22,1590.8408117414476,-850.1420331249174,4183.662760028649
2014-08-23,1377.9801695186613,-1253.455740285415,3897.597218258895
2014-08-24,1550.1021100018888,-963.5208913736263,4012.2372961066153
2014-08-25,1857.3627877372421,-649.2299067966055,4396.972353322318
2014-08-26,1316.191049985342,-1305.4953482207054,3940.713295585145
2014-08-27,434.62023667399467,-2028.3866126771254,2893.346914932211
2014-08-28,1471.2306674159827,-987.8629661013838,4112.200346502157
2014-08-29,2010.0977759768487,-477.2889416720581,4664.928639325295
2014-08-30,1822.8584817698043,-643.1512728719418,4394.504949939714
2014-08-31,2017.8812183942446,-527.54616369852,4390.284792090595
2014-09-01,2344.8445214163503,-164.7198238292444,4736.662358741015
2014-09-02,1819.72559444811,-578.1008050066177,4381.565930648098
2014-09-03,950.1401536893468,-1520.0426403365389,3491.9592349420413
2014-09-04,1994.2925346880902,-563.5262653414361,4548.193933346919
2014-09-05,2535.9308934547516,186.91954772023374,4996.510374395853
2014-09-06,2346.419975885545,-205.89724634403476,4958.622758275566
2014-09-07,2533.9167742833934,57.765874758985866,4943.274395581276
2014-09-08,2847.953887325377,311.212177994587,5449.618402262439
2014-09-09,2304.431933010189,-255.89005885877904,4530.404040928273
2014-09-10,1410.9622617175999,-1126.3194202132502,3784.4941378784765
2014-09-11,2425.8189165789217,-110.15586910803025,5130.708473301184
2014-09-12,2932.8946526218524,583.8895371864259,5280.113316248306
2014-09-13,2703.7734832587785,197.4153607550289,5291.709185168823
2014-09-14,2846.905081587557,200.1985920013827,5453.206474595289
2014-09-15,3112.1858744737206,597.6708878088926,5613.312171370888
2014-09-16,2515.9482122349646,127.66522489503595,5057.342721391751
2014-09-17,1566.2989044661913,-822.659527577361,4010.1341138996445
2014-09-18,2522.06612152656,157.05593430779808,5123.624659899003
2014-09-19,2967.749533056537,564.9208607770505,5635.6675410888165
2014-09-20,2675.5862183822815,340.93145969693524,5251.9675692294495
2014-09-21,2754.717747974917,330.3217844473126,5185.922849198029
2014-09-22,2955.7633503376646,411.56757306903006,5490.275778300107
2014-09-23,2295.5731213652803,-249.14882399810386,4813.469562490283
2014-09-24,1283.2401812340506,-1016.749023540698,3649.65560133018
2014-09-25,2178.355804969567,-146.9868706637159,4612.038667897614
2014-09-26,2566.1775498535926,-119.85208219882236,5093.109969067375
2014-09-27,2219.6854786094777,-171.67670059436787,4642.484135009576
2014-09-28,2248.7394818508683,-430.85419991674513,4797.9573606575495
2014-09-29,2404.6427164023717,-106.03889356994463,4800.366131316766
2014-09-30,1705.1127289441156,-754.1363004064873,4419.749209615171
2014-10-01,659.6017502302395,-1864.2901259601115,2900.0480489188744
2014-10-02,1528.2253614976078,-1080.3026026044863,4001.471425190614
2014-10-03,1896.6946139824609,-437.6951769193612,4436.871311775565
2014-10-04,1538.3643525606205,-893.1132869130798,4117.330537580508
2014-10-05,1563.3833650088798,-889.2018629097505,4056.5909692722526
2014-10-06,1723.251498484844,-845.3920207535238,4086.9855527958343
2014-10-07,1035.7854371933809,-1530.3924237698986,3555.760336285548
2014-10-08,10.434748186623438,-2495.0442273478116,2489.3646192242463
2014-10-09,907.2075137984513,-1475.867105211183,3438.7421102569056
2014-10-10,1311.600740611517,-1111.9889655375378,3769.446552704956
2014-10-11,996.6483943915607,-1480.4378107216562,3494.028003535588
2014-10-12,1072.0727670470158,-1562.0322623074842,3658.2350153539355
2014-10-13,1288.8443846094058,-1289.7659353526924,3665.6249115828095
2014-10-14,664.1521972222617,-1698.179171038515,3173.3098063677417
2014-10-15,-293.27431843922795,-2785.2972837025377,2144.6087465585815
2014-10-16,675.7681709799009,-2043.2647975936698,3151.8260062932686
2014-10-17,1155.8965710250309,-1339.942562899471,3844.70623836983
2014-10-18,919.2002460019021,-1513.6672313707281,3356.3432949084436
2014-10-19,1074.4046860183191,-1403.6350621934512,3496.8524146654236
2014-10-20,1371.4450329665074,-1109.387544365696,3898.7418514189453
2014-10-21,826.4510418950881,-1724.7565931015706,3396.8000868353174
2014-10-22,-52.915089590687785,-2549.4707769946344,2515.436975806514
2014-10-23,991.4910619591665,-1482.1475157338048,3411.5944168985716
2014-10-24,1543.252782233698,-854.3286054666622,3929.327264210591
2014-10-25,1373.46821035386,-1211.6509149527744,3825.721260466623
2014-10-26,1589.930989381445,-989.2326007949721,3988.2261180878827
2014-10-27,1941.7203339237053,-618.8897507171645,4573.354040084232
2014-10-28,1444.2017611310318,-946.4832356239679,4033.193372992832
2014-10-29,604.3795848042458,-2088.747874963307,3016.5436371671512
2014-10-30,1679.8599302506432,-836.3364985870887,4340.864694678648
2014-10-31,2253.8188531243545,-272.34691047966805,4717.5395752538225
2014-11-01,2097.0877684263023,-278.8245739372943,4783.737911142393
2014-11-02,2317.341226692917,-260.4535552069973,4811.583762107923
2014-11-03,2663.6915637030497,141.21037249231404,5227.963188219046
2014-11-04,2151.6914815986247,-311.6388883623312,4685.721595634397
2014-11-05,1288.685522570261,-1389.7637230333808,3876.5895960215776
2014-11-06,2332.7618739680943,-129.75952996182895,4590.633909118959
2014-11-07,2867.7352431097324,344.5024761416612,5309.064160163907
2014-11-08,2665.2006925307664,172.8134699180501,5298.005261604552
2014-11-09,2833.715934812525,145.80928971165122,5343.444323335833
2014-11-10,3123.3806075664875,563.0250503923282,5500.518673032968
2014-11-11,2550.8210592931255,-18.006467695137168,5009.489371550358
2014-11-12,1624.5219066860573,-697.843400067468,4090.0630257398625
2014-11-13,2603.763395121399,-145.00534575204637,5164.453937676774
2014-11-14,3073.5595317453726,651.0844653416659,5556.468575274225
2014-11-15,2806.7096911935205,547.7259648748292,5468.772849332965
2014-11-16,2912.9493258825432,454.294544732393,5543.41012951596
2014-11-17,3143.5049932759216,618.0102020470027,5651.0239270081
2014-11-18,2516.055523178135,-153.6162841318243,4904.096338076915
2014-11-19,1540.0411155984202,-900.3949433087797,3975.6380707420935
2014-11-20,2475.5799205431085,19.17887302893607,4875.088236326901
2014-11-21,2908.3875658636075,556.3397634062734,5210.275373824869
2014-11-22,2611.8127944313323,223.67549504577318,5185.026924817702
2014-11-23,2695.975256369933,255.8188734776301,5106.033636203898
2014-11-24,2912.3110238636636,485.24082014544956,5354.833311259007
2014-11-25,2278.527937782859,-173.96109845663295,4924.834932770243
2014-11-26,1303.9127851960764,-1169.6026487051136,3900.272683861871
2014-11-27,2248.249982855889,-184.86574278717262,4711.757116545106
2014-11-28,2696.7472663265626,141.91936159222553,5233.612518149325
2014-11-29,2422.0814863769965,-87.75769993641535,4936.806574444318
2014-11-30,2533.550404251503,27.436269647927105,5095.552740414982
2014-12-01,2781.63580633166,285.0643433988309,5184.296521852434
2014-12-02,2182.979710863495,-195.85217845605345,4563.035773478674
2014-12-03,1245.7152458380262,-1450.671068127776,3418.038916733549
2014-12-04,2228.4113776520644,-170.28230382795647,4701.001165357195
2014-12-05,2715.026429563901,238.00971935732449,5290.135819436216
2014-12-06,2476.9828776584022,-155.4182561239076,4852.984152104776
2014-12-07,2622.348662410519,174.9765950103123,5048.981717337457
2014-12-08,2900.4296581485664,465.73445861456634,5393.350866838809
2014-12-09,2326.7743859856273,-120.383322862168,4685.251572082162
2014-12-10,1408.5318696978327,-1208.30398229376,3913.099923806889
2014-12-11,2403.4211587217565,-5.09571892609422,4889.020389520625
2014-12-12,2894.7068421076137,361.49846513056366,5299.904373604315
2014-12-13,2653.292482081542,236.9554384655936,5259.661987364699
2014-12-14,2786.9167168248123,336.29154960401576,5277.201408337139
2014-12-15,3044.7562698714382,579.3776831038907,5422.132987079095
2014-12-16,2442.436641872314,-65.88242763526117,4773.519514524331
2014-12-17,1487.3911783409212,-1072.1538686400875,3963.513099200541
2014-12-18,2437.826942577295,-36.598683483778714,5020.884359131223
2014-12-19,2877.691737415942,429.5371229301242,5233.820365933123
2014-12-20,2578.754342910157,-4.61264747015734,5041.035061509354
2014-12-21,2649.782958601286,270.01486821883833,5055.653236358775
2014-12-22,2841.1264721491116,350.62681246658497,5322.717726879747
2014-12-23,2169.6997708749736,-323.94689725413633,4581.441536782586
2014-12-24,1144.314358900055,-1384.9787590437684,3602.8859494510793
2014-12-25,2024.61334507588,-460.0524212365363,4677.363532062692
2014-12-26,2396.0058502130446,-28.67413135408318,5017.959338998695
2014-12-27,2031.7136534108004,-645.7304540082107,4444.619564528291
2014-12-28,2041.9158651851722,-525.9324814336168,4279.94065226691
2014-12-29,2178.2970269036614,-312.6578609977897,4529.3275233738295
2014-12-30,1459.0006715559603,-1066.8215045753675,3732.3632248663544
2014-12-31,393.93036686940604,-2076.5999410761215,3051.191347099572
2015-01-01,1243.6580338479419,-1187.8408112441432,3790.3571908121858
2015-01-02,1594.3352523420467,-1031.514991590086,4250.874505086013
2015-01-03,1219.720957030512,-1295.6592821649306,3548.6167715965626
2015-01-04,1230.3118007750654,-1174.6039464257085,3629.209582756087
2015-01-05,1377.8809666127677,-969.3644184229241,3912.5116868120203
2015-01-06,680.4277276633364,-1794.3082593476124,3251.4552022506987
2015-01-07,-352.52008520854747,-2735.512732226307,2100.9880714617607
2015-01-08,539.009094410787,-1738.1442137416816,3253.7173841072117
2015-01-09,940.3540461111563,-1616.7675382631792,3557.116767950767
2015-01-10,624.2656926109753,-1833.7643666614788,3229.218513900727
2015-01-11,700.0593839594043,-1812.0680658236124,3140.692244233194
2015-01-12,918.1798265981569,-1625.1605110731573,3419.0696965984694
2015-01-13,295.1803612188504,-2293.1942861365646,2868.4953042823804
2015-01-14,-660.9419367370422,-3345.3659702939995,1986.100693443907
2015-01-15,308.2037078588446,-2162.4058544389236,2708.858372861645
2015-01-16,786.3613719748098,-1612.4444102772693,3210.586072269798
2015-01-17,544.7099725884858,-1995.5563817815048,3040.9791617348974
2015-01-18,691.0517730921185,-1733.3663745824085,3014.411421793675
2015-01-19,974.4122840120724,-1533.4347762083498,3715.012256795917
2015-01-20,410.05242371017414,-2076.5656407540505,3111.422911706772
2015-01-21,-495.16637825992007,-2928.331219674818,2004.739333024948
2015-01-22,516.1941818483308,-2029.3461757251744,3029.560465662213
2015-01-23,1027.1310372923556,-1547.528612796989,3601.2904857279245
2015-01-24,808.298657427488,-1547.1393470962087,3305.3538254229966
2015-01-25,967.2097122465357,-1436.827644131644,3701.649010308794
2015-01-26,1252.8416198511352,-1128.6631482628904,3664.4128067517204
2015-01-27,680.6496741448943,-1624.1485450038715,3161.0540909516453
2015-01-28,-242.07259630731346,-2599.3813829844134,2230.2022856405283
2015-01-29,742.7725850484011,-1716.4121236470364,3250.31816910031
2015-01-30,1219.0532849341569,-1170.1685728206053,3842.65170329513
2015-01-31,958.4860617469235,-1481.549524910913,3526.6071802223214
2015-02-01,1069.8114402007468,-1459.741463998682,3470.5776216789804
2015-02-02,1303.3713106250798,-1297.97869967998,3851.9854929747517
2015-02-03,676.0897943493782,-1819.603943048656,3063.276779466353
2015-02-04,-303.20115075140484,-2872.5651001660544,2173.6546630442176
2015-02-05,625.1679435248549,-1811.257433255772,3035.9522010368796
2015-02-06,1046.633025165871,-1535.5193659509653,3396.650493695717
2015-02-07,734.4378019996354,-1824.5430183286703,3136.4527012042568
2015-02-08,798.7733103352059,-1741.954654340253,3284.843392704124
2015-02-09,991.3213505869458,-1302.5983599921553,3564.606338680888
2015-02-10,330.2039869712055,-2148.8175604933376,2665.6339874047444
2015-02-11,-674.7187281072047,-3195.5819711284203,1955.2643161510944
2015-02-12,237.0571009602579,-2519.859486658165,2605.330241586805
2015-02-13,651.5889925840668,-1898.1242676809643,3230.161339388444
2015-02-14,342.5152446890978,-2089.534496476877,2979.9676863067903
2015-02-15,420.1857598743861,-2132.2951443066772,2879.097529106225
2015-02-16,636.2022994467266,-1882.5653970034348,3098.3723704235276
2015-02-17,8.37041008408869,-2491.62992790643,2351.691526237092
2015-02-18,-953.9949051828135,-3461.323406848202,1484.1789446126013
2015-02-19,8.849912453596744,-2488.7327473590267,2684.160765783467
2015-02-20,482.00495108785447,-2003.2764506592882,2896.0891665961617
2015-02-21,237.97666256328262,-2134.3911333945557,2870.794606308677
2015-02-22,385.835278641449,-2144.5468958561673,2975.3662910411467
2015-02-23,675.7849082945792,-1899.1401660614015,3114.533328370342
2015-02-24,124.14782555793636,-2410.2613980173173,2670.448195840658
2015-02-25,-761.29576950245,-3217.8736910333946,1753.6205544569484
2015-02-26,277.6463433904512,-2127.5752106886225,2861.8465290581657
2015-02-27,824.5414393245635,-1783.6474506464585,3159.606772184783
2015-02-28,650.4159781946503,-1738.8247194976548,3021.0790928308097
2015-03-01,862.9457456971011,-1903.1421884526508,3211.2342863288036
2015-03-02,1211.056346140129,-1292.1689442886866,3658.918763701348
2015-03-03,709.934862598877,-1813.658530800681,3240.1194926045337
2015-03-04,-133.60664580379967,-2716.2735697886383,2394.9963764597933
2015-03-05,937.8425333138129,-1445.7542556649328,3532.1849812610576
2015-03-06,1507.2698197805084,-933.4008499374175,4175.9092158342255
2015-03-07,1345.3336329246247,-1108.1866119770425,3819.454956185758
2015-03-08,1559.5586649136653,-891.1216391968131,4073.153283687977
2015-03-09,1898.9364288416937,-636.8126933604391,4447.311336392134
2015-03-10,1378.9319738739694,-1129.9420067535218,3731.951369971198
2015-03-11,506.83763491586444,-2080.9280733729597,3017.511222278816
2015-03-12,1540.732471345058,-1115.5969972605076,4106.990906024824
2015-03-13,2064.442008560368,-500.37126892028976,4531.905123022068
2015-03-14,1849.6106527255433,-695.6902257004463,4298.706886088442
2015-03-15,2004.8721106783642,-534.9690084673497,4472.296794523007
2015-03-16,2280.4227597413756,-134.83820339192508,4816.5066830080395
2015-03-17,1692.9995622521276,-791.6926893035126,4168.6172829867655
2015-03-18,751.2040901232348,-1821.7127089849148,3156.827150112969
2015-03-19,1714.4321007957717,-922.5301452524828,4195.70735526463
2015-03-20,2167.803948644825,-292.7998517324482,4775.596600980085
2015-03-21,1884.2089249918024,-588.898752672809,4297.079185952863
2015-03-22,1973.4495044120645,-546.2135409755134,4290.847555179182
2015-03-23,2186.791032882521,-205.5932807044984,4796.489300994274
2015-03-24,1541.9189636797028,-1121.9881227203507,4212.083726663126
2015-03-25,548.2456634630008,-1908.9373812340307,2864.5698312071345
2015-03-26,1465.8265118539523,-836.3088601792635,4055.6642041802465
2015-03-27,1880.280865114105,-505.4640525015407,4584.288825751105
2015-03-28,1564.8310778572588,-973.8678379694758,4124.977006667619
2015-03-29,1629.4455861805666,-987.8034333226508,4030.137611807735
2015-03-30,1825.3915029057262,-763.7330596213484,4333.070433289292
2015-03-31,1170.1986448686898,-1416.1098356182138,3642.567972653724
2015-04-01,172.97673483949143,-2298.459318231739,2527.7043220566225
2015-04-02,1093.3451365378314,-1478.1501805860235,3599.4299196210823
2015-04-03,1516.370255076716,-1028.1332841756443,3869.359797946874
2015-04-04,1214.6232978058056,-1181.3166716715007,3943.739448076822
2015-04-05,1297.3438537180543,-1118.7414912090226,3814.813331817388
2015-04-06,1515.014165774472,-629.3132859080528,4201.9949649597165
2015-04-07,884.3454244987945,-1500.1620829806593,3557.6965755390975
2015-04-08,-86.38276582201502,-2570.850804689589,2562.4182907340924
2015-04-09,861.6290349655314,-1614.2092103543082,3292.3764463746975
2015-04-10,1312.658068701549,-1077.1318961822874,3760.916863480938
2015-04-11,1038.5360831614037,-1430.9473456619226,3711.499815494999
2015-04-12,1147.8297891730842,-1335.6984064536823,3664.9406179760704
2015-04-13,1390.4295679774364,-1218.7008935705107,3854.369907966616
2015-04-14,782.5474554475918,-1849.6614191872452,3169.55384239343
2015-04-15,-167.93466586747263,-2589.2638330904315,2237.328662648348
2015-04-16,797.4919813226081,-1801.6074064040195,3553.931199959941
2015-04-17,1262.9235125337523,-1338.1496379279502,3811.565762061753
2015-04-18,1000.1194526440893,-1550.830046957444,3631.3731142854745
2015-04-19,1117.6795692780718,-1404.1497755877112,3410.9439879624297
2015-04-20,1365.626163346571,-1172.6279214618976,3793.944705005024
2015-04-21,760.3931109657638,-1764.4917560117697,3041.830184571355
2015-04-22,-189.83708364657195,-2640.6323398714103,2248.8069961358397
2015-04-23,773.810803013141,-1878.4151973987612,3138.998926765145
2015-04-24,1235.8508007159928,-1193.7993671878244,3736.775061871688
2015-04-25,968.4965050592841,-1494.6873037194594,3392.743396410861
2015-04-26,1080.8221023976,-1456.2211296173805,3511.2885496231174
2015-04-27,1323.3288140541192,-1099.0750816944674,3735.7532404711687
2015-04-28,712.9185010383378,-1666.2699862712448,3229.2742325848867
2015-04-29,-241.7838879986084,-2551.245959784643,2257.9028034757807
2015-04-30,718.5003906183713,-1653.7712831855904,3247.793974321622
2015-05-01,1178.6381396399197,-1490.7486037751557,3614.243783853784
2015-05-02,911.135015649962,-1783.295821113197,3380.9924683326904
2015-05-03,1025.2886705184346,-1477.0349051496123,3466.7176892136454
2015-05-04,1271.7495624591716,-1059.39835147776,3710.4361249627527
2015-05-05,667.4912750988092,-1683.7837923728628,3372.707304793439
2015-05-06,-278.8679435635222,-2647.846215590494,2142.575923627893
2015-05-07,691.8669546306294,-1901.1961784352052,3345.462566266383
2015-05-08,1164.4057479538037,-1419.982037481243,3745.4101397436025
2015-05-09,911.029472042362,-1527.5958776365815,3540.485174864427
2015-05-10,1040.7511496544573,-1493.5241625254766,3539.667488568115
2015-05-11,1303.8857776742425,-1126.887379473589,3893.5820146351325
2015-05-12,717.031107991318,-1726.9498016948532,3197.2580846258293
2015-05-13,-211.5993969084334,-2923.8678015254436,2079.8409555249937
2015-05-14,776.7675939451235,-1709.2263689228575,3224.871107792212
2015-05-15,1266.4154801913562,-1173.4815252023063,3865.849978812466
2015-05-16,1029.2064206975658,-1298.262397054467,3529.443889439315
2015-05-17,1173.7537769909998,-1475.2118392802502,3773.482190207186
2015-05-18,1450.0030434195346,-1159.3922810502847,3927.7612043184067
2015-05-19,874.2225099558486,-1623.719316121415,3327.0968003252497
2015-05-20,-45.655214256113595,-2352.2087751044046,2293.866620518115
2015-05-21,948.9180020568889,-1688.9305010516941,3458.479044940495
2015-05-22,1442.0613747171665,-1150.183879256571,3829.153415351671
2015-05-23,1205.5374660448413,-1406.6781586482182,3704.156931505695
2015-05-24,1347.9263547613173,-1275.2122792078071,3771.0812767223983
2015-05-25,1619.2064473868966,-944.5462002503407,4152.073887367611
2015-05-26,1035.7432292970793,-1495.1188240428362,3367.0829190206982
2015-05-27,105.62718525780019,-2402.308397088922,2555.9627705556577
2015-05-28,1087.619855113499,-1476.6130713281404,3634.903820195396
2015-05-29,1566.102891490179,-866.9029689832576,3920.9422965386093
2015-05-30,1313.14267967252,-1233.2454653964883,3797.2306531078953
2015-05-31,1437.6559741807405,-990.9397054514012,4012.751701525386
2015-06-01,1689.981549885654,-986.404657707175,4268.34454731552
2015-06-02,1086.8594401233038,-1441.5222189194026,3440.108494760992
2015-06-03,136.75926760163043,-2282.2971116731705,2571.057742338995
2015-06-04,1098.8169035441151,-1245.7177268678608,3635.0294572943653
2015-06-05,1557.7745775300045,-859.5049423157478,3966.5611677729685
2015-06-06,1286.0372328764126,-1228.5249160036878,3726.929804888511
2015-06-07,1392.8307893188655,-995.3500097564711,4123.984291903952
2015-06-08,1628.7674855787013,-811.7870963394956,4029.8600929517847
2015-06-09,1010.8200122032565,-1418.6354117132043,3445.4197472303567
2015-06-10,47.64603875177795,-2504.5485485604354,2525.502984584063
2015-06-11,998.5224275953578,-1436.7915241414084,3580.299741181732
2015-06-12,1448.2842718875104,-1163.7496852873692,4004.926836968529
2015-06-13,1169.7232010974208,-1355.2006810196337,3676.1212151202512
2015-06-14,1271.7221788488184,-1151.5491503001576,3962.635896585061
2015-06-15,1504.8486097202974,-776.6800025332284,3972.2446489648873
2015-06-16,885.9905888793528,-1558.1955539323778,3478.8607361544996
2015-06-17,-76.31388757706895,-2546.933820983053,2398.33714539701
2015-06-18,877.0626868789361,-1720.1023676186142,3211.197122841002
2015-06-19,1330.7822814976892,-1218.4302373348937,3995.427220414904
2015-06-20,1057.1041899982356,-1547.91525057826,3561.6121279130666
2015-06-21,1165.0511949173865,-1306.5656190126886,3665.3432996302877
2015-06-22,1404.9839074261295,-1159.1162806410603,3957.404278010225
2015-06-23,793.5846725465265,-1914.6809298394614,3132.2186772311843
2015-06-24,-160.80768678898858,-2742.3191406823294,2043.7037903140754
2015-06-25,800.7466752113356,-1682.243997348294,3305.474747688593
2015-06-26,1262.7377910315677,-1361.8770171734495,3804.6115816122588
2015-06-27,997.272132331341,-1473.3102257727774,3580.8152970237225
2015-06-28,1113.241277945858,-1301.638468653954,3603.882875542191
2015-06-29,1360.8978360945898,-1241.4100468698982,3995.46928064287
2015-06-30,756.8400085754,-1784.815908771182,3179.11176238023
2015-07-01,-190.65390048555764,-2742.0023777911456,2247.053097434837
2015-07-02,777.3179891951277,-1831.3202452551932,3060.228781749216
2015-07-03,1245.2284759460956,-1068.9846925050203,3762.653578257997
2015-07-04,985.18506399236,-1590.918937149428,3561.875353850799
2015-07-05,1106.0956509062892,-1456.6557737806634,3657.3533603922842
2015-07-06,1358.2410942587064,-1189.3920527496578,3941.641674909156
2015-07-07,758.2561950394529,-1716.7632761504942,3340.748883380338
2015-07-08,-185.5394461724959,-2583.08556409078,2237.014066456977
2015-07-09,785.7984719423498,-1745.197191711814,3094.7724048925897
2015-07-10,1256.7829454752743,-1373.5085765692666,3764.303142515364
2015-07-11,999.5564632019491,-1562.0108251702654,3414.1742319139275
2015-07-12,1123.054179174343,-1338.5198360368595,3566.69115736016
2015-07-13,1377.574536744129,-1229.7443817080716,3833.9456886017147
2015-07-14,779.7589558970169,-1636.7373538912457,3307.5841012220017
2015-07-15,-162.07791109823575,-2671.7952804553092,2178.6606521070917
2015-07-16,810.9918389433417,-1707.8450225449863,3246.0607607425045
2015-07-17,1283.4541848299746,-1245.175067774701,3758.5638960969027
2015-07-18,1027.4154912688657,-1525.0400888806905,3458.3673526475
2015-07-19,1151.7678183524577,-1217.1577582140612,3565.1698970204297
2015-07-20,1406.762226428127,-1170.5729807222324,3941.368030512236
2015-07-21,808.9915869710062,-1737.831889385688,3382.742009898128
2015-07-22,-133.27571399668773,-2658.3348392366847,2321.5270308488134
2015-07-23,838.8478830690335,-1697.3600561607566,3215.1901327259498
2015-07-24,1309.8176284476367,-1451.3273849504822,3662.5939524618702
2015-07-25,1051.7223735383957,-1349.0199315392804,3765.7755146194113
2015-07-26,1173.9532126719942,-1271.7955537811704,3564.408415168884
2015-07-27,1426.2798714921341,-1136.4157591947185,3832.5003254065664
2015-07-28,825.335909094078,-1851.5127688558457,3330.972203466367
2015-07-29,-120.54567905373301,-2727.940692279783,2457.583237753477
2015-07-30,847.6123517474551,-1623.5084638979315,3395.3085986842007
2015-07-31,1314.3803770436155,-1237.2551916154514,3750.784277154269
2015-08-01,1051.9873369051807,-1341.1833374998052,3729.5879633690297
2015-08-02,1169.488065176769,-1219.8817387731365,3727.633938106222
2015-08-03,1417.337372345678,-1105.6108554756056,4039.0629822780675
2015-08-04,812.3722910232677,-1797.7839927771704,3263.3317826635225
2015-08-05,-136.8561906787761,-2531.974846623098,2369.1926909909084
2015-08-06,828.8571364813483,-1674.0060071492821,3182.3809988812145
2015-08-07,1294.3154285984733,-1113.4125337415314,3857.197385725716
2015-08-08,1031.9795779606964,-1440.7097814364347,3523.8890840014865
2015-08-09,1151.1295464617272,-1383.5233765045375,3747.3628365443
2015-08-10,1402.4322505867972,-1202.9825557453044,3735.3215650680104
2015-08-11,802.9175652136971,-1629.5956124166553,3211.1488733520578
2015-08-12,-138.6960661792166,-2552.1925762949145,2348.1610375146397
2015-08-13,836.9327916325713,-1635.1975002806664,3420.389557005126
2015-08-14,1314.7068869870961,-1034.908617004715,3868.636600469742
2015-08-15,1067.1452530372467,-1308.2204673975634,3504.734922244001
2015-08-16,1203.5404459541376,-1299.207039677913,3763.658110184034
2015-08-17,1474.5231764086632,-1066.1317676220851,4043.5045578960035
2015-08-18,897.0360013555854,-1597.0202598949406,3483.0525615948113
2015-08-19,-20.342358449486483,-2499.0784200545527,2614.8055759725316
2015-08-20,981.5371852386415,-1533.1898376578752,3470.1407103882652
2015-08-21,1487.3332922292898,-977.835447865821,4075.022803667513
2015-08-22,1269.271153796112,-1383.3739904421263,3684.4990289283446
2015-08-23,1436.3028025064286,-1143.483935088889,3818.1018890594514
2015-08-24,1738.6758522072246,-828.7440825680887,4287.5148313371465
2015-08-25,1192.9122654515154,-1304.1813890224971,3906.5876960132905
2015-08-26,307.1386230791287,-2143.152398225392,2832.895476053711
2015-08-27,1340.0270470058852,-1470.5844272976854,3697.8810710702996
2015-08-28,1875.7417654717215,-749.1484441360456,4532.79550066509
2015-08-29,1686.003938610755,-780.5843573509628,4045.43700688902
2015-08-30,1879.2601919409465,-472.3291232937832,4532.051571459483
2015-08-31,2205.2597857430346,-341.2195733990447,4593.640034760273
2015-09-01,1680.0418634297403,-861.4818930524577,4182.8602558710245
2015-09-02,811.2741005522965,-1491.3273058167233,3435.8111105707785
2015-09-03,1857.2017570960481,-805.1674052048393,4376.247244669834
2015-09-04,2401.60198113601,20.94933704185243,4927.294485978101
2015-09-05,2215.8558507009584,-287.2545744842238,4635.632130938212
2015-09-06,2408.123482443053,31.240212636413226,4973.84376118086
2015-09-07,2727.9270301580914,319.99282751483287,5281.815739563033
2015-09-08,2191.7527290919343,-241.4149203527897,4788.203842949149
2015-09-09,1306.5642208235518,-1283.7659647065016,3980.8751610224654
2015-09-10,2330.5841306778616,-140.7701056425487,4883.615885107207
2015-09-11,2847.6406786099224,434.0144864987081,5193.5181443373085
2015-09-12,2629.240799089667,129.99570808413026,5309.727452608131
2015-09-13,2783.7452867892625,199.62474366439233,5100.194144774948
2015-09-14,3060.9507964097843,490.67991531973547,5373.598569686974
2015-09-15,2477.080068431419,-99.46740807368207,4933.795733904748
2015-09-16,1540.1216593394165,-945.2548683784129,3853.118721127212
2015-09-17,2508.778162742301,162.20882592340632,4885.8216985983
2015-09-18,2967.4177791220163,467.66931080267904,5472.528702826412
2015-09-19,2688.141754524567,230.94376862943193,5274.863193270319
2015-09-20,2779.9530725073664,257.9448234039445,5362.063551240748
2015-09-21,2993.3312980743285,382.38148853158896,5438.162750872948
2015-09-22,2345.215020682359,-63.606347078903546,4952.010013107882
2015-09-23,1344.333254248571,-1204.6355053350946,3867.07123893648
2015-09-24,2250.1448637500457,-303.1717849016024,4670.855819792121
2015-09-25,2647.7809627826705,174.65989993223,5078.583775807139
2015-09-26,2310.102892479481,-118.51248161389958,4779.760333727551
2015-09-27,2346.861259670388,-95.466245946616,4568.767700589294
2015-09-28,2509.2610303449856,-52.02207312353412,5204.547140556903
2015-09-29,1814.934226667204,-623.3717591774187,4287.3718388000325
2015-09-30,773.2616907936887,-1676.7502212252625,3165.330340560042
2015-10-01,1644.303094612938,-749.1386676513656,4119.384388877265
2015-10-02,2013.7302534190535,-450.1947840461377,4509.019418148507
2015-10-03,1654.8764715765626,-880.006929801545,4007.8914661430476
2015-10-04,1677.8875190165884,-842.0492916595106,4207.486719159798
2015-10-05,1834.2793582001432,-536.4376704653561,4241.904135420957
2015-10-06,1141.9042947506744,-1341.9457386195315,3563.489729988751
2015-10-07,110.2671397559534,-2439.173687619455,2675.077180371207
2015-10-08,999.4506855183793,-1500.8745922079013,3412.202224236995
2015-10-09,1395.0456710619403,-1130.289820422299,4156.511677911734
2015-10-10,1070.1980767041666,-1399.7035105138511,3648.2433477161035
2015-10-11,1134.7594478608803,-1410.275430168065,3679.031738228885
2015-10-12,1339.845456062643,-1231.0492931461372,3710.3203602706812
2015-10-13,702.8044423701429,-1780.4462279528805,3151.652052529768
2015-10-14,-267.4624163751946,-2561.637674017558,2101.7916968466698
2015-10-15,688.4300129568155,-1694.2699898167332,3329.3622703379538
2015-10-16,1155.288074581297,-1368.7082989898722,3620.810079394839
2015-10-17,905.3955274097349,-1508.9649813474346,3382.027230065025
2015-10-18,1047.6743419837512,-1497.4979524727125,3483.1890439509725
2015-10-19,1332.2552103616433,-1230.6696413808102,3826.200900553629
2015-10-20,775.4593921564465,-1993.5152474039223,3134.0903004706975
2015-10-21,-114.86661891099538,-2543.642646985679,2356.181619221162
2015-10-22,919.6934273058844,-1544.8769433718219,3372.353727222268
2015-10-23,1462.785406683376,-1160.824492773131,4064.411535813652
2015-10-24,1285.6515343139154,-1257.6872821410896,3767.839774880012
2015-10-25,1496.2103545757361,-1078.8554331122536,4032.9712154865356
2015-10-26,1843.6442943168142,-816.2625615288788,4437.563548654572
2015-10-27,1343.3981916744272,-1014.5789458328045,3725.6368537434164
2015-10-28,502.52995647314185,-1993.716576032682,2925.884323247114
2015-10-29,1578.6721711630398,-965.861895448475,4128.225729296324
2015-10-30,2154.999260423804,-555.4803273517616,4609.279739342964
2015-10-31,2002.3124728161883,-685.127724699191,4470.79538852505
2015-11-01,2228.227739505586,-314.6865078386238,4628.480201010644
2015-11-02,2581.7709544134423,175.44639831009408,5044.344336365112
2015-11-03,2078.381740479906,-650.6831882320096,4572.37225922996
2015-11-04,1225.2666582402455,-1126.0455596660286,3613.861458450642
2015-11-05,2280.360514004108,-210.92877195076045,4783.499315806552
2015-11-06,2827.2902983453305,314.4708522354195,5322.358751477803
2015-11-07,2637.453959792785,113.92363076130451,5128.47497877339
2015-11-08,2819.1991032892547,338.52621430587766,5314.501979572554
2015-11-09,3122.406247288206,392.23436434526013,5556.001018015779
2015-11-10,2563.47786002878,32.45457165646657,5177.012003383842
2015-11-11,1650.6743522513475,-781.5183787021775,4109.998284570625
2015-11-12,2643.0559679738108,82.19986432550476,5166.454387062982
2015-11-13,3125.4254472574185,501.6250034522761,5502.2765805641275
2015-11-14,2870.3840627424593,244.12412666379373,5301.990094102259
2015-11-15,2987.486562525617,711.9324401502829,5510.907909823081
2015-11-16,3227.8001340957408,860.5502759187144,5742.449222138454
2015-11-17,2608.8691184378213,216.14693699524068,5083.421854687724
2015-11-18,1640.0271770931809,-909.2661121470516,4024.490568189872
2015-11-19,2581.3163843634698,160.4836794076945,5030.433336377445
2015-11-20,3018.4086420300273,595.9065260187953,5632.104698830248
2015-11-21,2724.6425219493813,257.23997289250394,5235.637121895692
2015-11-22,2810.1615403505684,118.92006901764438,5187.192410235053
2015-11-23,3026.4594053452183,376.23499163095374,5420.736025472152
2015-11-24,2391.3343374684823,-192.66130515988164,4806.829950609631
2015-11-25,1414.1944704227608,-1241.069335046899,3862.231762689566
2015-11-26,2354.9740328166235,-15.32012696412538,4796.814598356055
2015-11-27,2799.055853847628,363.9257400115533,5286.179464820321
2015-11-28,2519.3133546699564,58.198418050878175,5166.206625088833
2015-11-29,2625.257993216106,128.50018258284967,5039.29666608634
2015-11-30,2867.597573343537,260.42403767741513,5522.5315759965315
2015-12-01,2263.20729417812,-347.2811346196496,4777.303371610948
2015-12-02,1320.4552321206093,-981.2442237805178,3706.544957291945
2015-12-03,2298.1415565523703,-395.9526691664919,4711.42947318756
2015-12-04,2780.446544699976,408.8419075535535,5280.079185906034
2015-12-05,2539.0000098619234,95.81326488936375,5233.356174485665
2015-12-06,2682.057519585348,281.5399116880351,5143.3005694080975
2015-12-07,2959.088148427237,489.74188801544346,5671.451961423395
2015-12-08,2385.774988947248,-205.6336712589821,4889.078327942438
2015-12-09,1469.369416350262,-1206.0644811861855,4278.70365758281
2015-12-10,2467.657726933425,-90.2346140993694,4915.6591147396275
2015-12-11,2963.9345526992965,464.309006842512,5372.758168593892
2015-12-12,2729.09504179383,259.4984728696155,5244.001152446128
2015-12-13,2870.8305961616215,254.45284113978605,5287.006727510791
2015-12-14,3138.2324249281874,692.7628556113802,5621.344381658212
2015-12-15,2546.8036889518116,214.00972708976212,4996.872934043585
2015-12-16,1603.8209080781137,-804.8029476787516,4100.552995117268
2015-12-17,2567.3030165133373,133.97371741768882,5056.31537573139
2015-12-18,3020.982345518013,690.9954424846084,5677.385190573287
2015-12-19,2736.389513966574,-15.548155922925254,5168.323094896494
2015-12-20,2822.0371251907263,326.5654038815846,5278.76187140764
2015-12-21,3028.006751050798,498.33262990647074,5417.1886297655465
2015-12-22,2370.9403126452617,-168.00325522260758,4963.252232376298
2015-12-23,1359.3769684065435,-1013.2898228048994,3788.7170840161943
2015-12-24,2252.694430125802,-268.7812543863531,4832.37736841419
2015-12-25,2636.0496055122335,108.14368740083327,5118.857390046937
2015-12-26,2282.431237485689,-107.79503107921587,4789.257359167708
2015-12-27,2301.8101827588107,-38.36845922390011,4643.910573416344
2015-12-28,2445.692591663852,-19.02426218206438,5044.003706779551
2015-12-29,1732.0778980580085,-819.9127873596428,4181.104762571155
2015-12-30,670.7635285406124,-2012.0306618148236,2996.4556031996926
2015-12-31,1522.2560296180022,-810.3369737314047,4108.142420680651
2016-01-01,1872.6842498017,-810.5082886241083,4218.671707347344
2016-01-02,1495.8279272185666,-1085.2595748116605,4129.288812761749
2016-01-03,1502.2479302397796,-1083.6907716629883,3874.577781814356
2016-01-04,1643.8239271758168,-722.2596452898646,4405.091066600196
2016-01-05,938.7018036719244,-1772.2781758427252,3397.9590582686637
2016-01-06,-103.40696861289257,-2563.9464274524234,2270.342121290646
2016-01-07,777.68585737653,-1810.1212216218391,3378.688815159141
2016-01-08,1167.5639930802465,-1359.6437624842492,3712.0818143085194
2016-01-09,839.246064355049,-1519.112911471947,3295.272822394124
2016-01-10,902.3318510027065,-1553.11948864617,3551.817915443576
2016-01-11,1107.5607472629972,-1373.2148800797556,3641.2813305494365
2016-01-12,471.7842991523512,-2085.671079641391,2931.954369529588
2016-01-13,-496.70554808886027,-3006.494796013736,1946.4412123018503
2016-01-14,460.7667121767672,-1837.065065582549,3010.6588317937294
2016-01-15,928.2131602659347,-1546.8201513743638,3317.560804497728
2016-01-16,677.057769305098,-1459.2188611360132,3260.012947669197
2016-01-17,815.3192232089147,-1773.9807246269702,3322.0776786739275
2016-01-18,1092.2057478729353,-1463.5706202398326,3541.261867360654
2016-01-19,523.1230423971556,-2012.7392496421617,3206.2683366645992
2016-01-20,-384.9640019433725,-2839.9028884773943,2151.741655495699
2016-01-21,625.4426542199104,-1752.7360484652381,3163.5602240742946
2016-01-22,1137.3545734691247,-1304.1306257896556,3765.3096422580875
2016-01-23,921.3954299082778,-1738.8775030972147,3664.301922695306
2016-01-24,1085.0024264506983,-1297.845763009707,3557.6372605790093
2016-01-25,1377.0346495685951,-1169.0618100811394,3702.5941611062303
2016-01-26,812.78901657531,-1899.1683163125128,3370.397638631418
2016-01-27,-100.63560025678589,-2745.5394997407157,2259.9997622411925
2016-01-28,894.632261016944,-1477.2548895329971,3536.980287975641
2016-01-29,1382.2080613088638,-1074.1025943221334,3823.726871122477
2016-01-30,1133.535446654931,-1250.6219616867243,3699.0722608518963
2016-01-31,1257.0681667727472,-1239.703911032716,3545.1110464779053
2016-02-01,1502.8542976291112,-1079.654212775347,3957.530414755402
2016-02-02,887.523998147814,-1529.5651210023286,3489.1066566653285
2016-02-03,-80.3779414780006,-2589.3618646981345,2411.8834072761456
2016-02-04,858.5443284419858,-1466.3089909310145,3329.3625621108804
2016-02-05,1289.4731068730175,-1315.3974639750056,3598.3252210216274
2016-02-06,985.424356146847,-1483.8825750026404,3454.4215377942965
2016-02-07,1056.3925782621686,-1422.9744297613752,3681.4537053404683
2016-02-08,1253.898807435981,-1235.1886482147545,3604.3543886442367
2016-02-09,595.9438101071828,-1922.4042222290632,3273.25564120675
2016-02-10,-407.6914316635891,-3002.492009445274,1976.590311896139
2016-02-11,503.46189095707405,-1972.3820488962797,3000.0732072926485
2016-02-12,915.4709093896578,-1598.3678375800007,3439.7673977876634
2016-02-13,602.0278989497215,-1888.324352246155,3148.6337639548524
2016-02-14,673.5797308041215,-1778.6022999429654,3089.963513783766
2016-02-15,881.8657537949491,-1816.3832206191466,3422.860119207412
2016-02-16,244.86641267788673,-2140.0282715362655,2922.655711531522
2016-02-17,-727.8952405910766,-3163.4327958576,1773.3266508097736
2016-02-18,223.56064668682188,-2436.1581223175504,2626.9803051226318
2016-02-19,684.593171552622,-1879.2782267895236,3184.8411021345964
2016-02-20,427.9844925025452,-2099.980895041126,2925.999720854797
2016-02-21,563.0908878598124,-1954.4678093560356,2967.4846291453428
2016-02-22,840.4063090082092,-1648.203561804745,3172.6227637943307
2016-02-23,276.5400951002889,-2281.2155350790385,2942.725291226419
2016-02-24,-620.4497117598985,-3201.477789444187,1716.2655546488465
2016-02-25,407.89156103583696,-2308.1794667672393,3101.3625304507523
2016-02-26,945.3725071559118,-1491.3560183506816,3388.3207887205886
2016-02-27,763.2345815688709,-1544.0345510469024,3220.950893353026
2016-02-28,969.337722687218,-1353.794304106255,3466.6184859884397
2016-02-29,1312.7570963668588,-1194.877566401374,3884.63706096801
2016-03-01,808.7918354927089,-1460.7705071676116,3328.356005414087
2016-03-02,-35.67339328750313,-2621.3688905288273,2208.9215096301436
2016-03-03,1036.804173162603,-1392.0454297927245,3496.035488029217
2016-03-04,1609.2033700787965,-790.7290245702085,4056.6585644070656
2016-03-05,1452.1342376665723,-916.1818924488175,3777.1001484717026
2016-03-06,1673.0350406946736,-711.8373668656119,4246.629506709915
2016-03-07,2020.7754115932396,-258.65102017484315,4701.2412743783825
2016-03-08,1510.6664330536546,-1209.1527579414399,4015.96771454705
2016-03-09,649.8184333400884,-1948.2638444520455,3199.8440970938414
2016-03-10,1696.1050397355325,-801.0901091867191,4100.491979367529
2016-03-11,2233.127982372635,-344.10238508027606,4633.222882933421
2016-03-12,2032.2948886340432,-363.77762816274054,4486.123874981172
2016-03-13,2201.995264275511,-310.7099784861891,4733.600958559084
2016-03-14,2492.1794682098734,95.42516916803824,4767.059004930143
2016-03-15,1919.34213417845,-605.3135071718827,4548.2823975435285
2016-03-16,991.8514998691697,-1706.2925527716197,3547.721187498863
2016-03-17,1968.8839082992931,-519.9770007011879,4394.298770257866
2016-03-18,2435.3587067323606,-195.47388824414816,4790.391649080109
2016-03-19,2163.9865111741487,-355.78261374921107,4497.501108208621
2016-03-20,2264.416737137444,-182.34514040058917,4691.605691511005
2016-03-21,2487.7898675714305,23.138737659120455,5152.366054738237
2016-03-22,1851.6965183336436,-640.3404079565277,4378.56350085327
2016-03-23,865.4852980248535,-1625.1978865690155,3355.370035875524
2016-03-24,1789.1791799159814,-654.6322053207934,4298.104438588829
2016-03-25,2208.3959710246604,-95.35319212190664,4710.829857417602
2016-03-26,1896.3861055918928,-556.4207314618717,4173.975142364515
2016-03-27,1963.1738177725788,-634.2702631037417,4637.228969296173
2016-03-28,2160.1072115192433,-171.70300626867765,4841.207546550339
2016-03-29,1504.8192291454013,-1258.6489379936422,3913.913387207404
2016-03-30,506.54135420992316,-2004.2390364306457,2907.6460359950315
2016-03-31,1425.0295092085305,-1001.805675255838,3803.8095326176885
2016-04-01,1845.4973886307698,-714.8180652475471,4505.994943060664
2016-04-02,1540.6700335101248,-1010.3959221324867,4120.053575814729
2016-04-03,1619.9432172193874,-1231.5483190361515,4131.695255906191
2016-04-04,1833.9536254057186,-709.6502286488148,4358.917371722022
2016-04-05,1199.5612616075437,-1406.4012460797853,3639.7999222699505
2016-04-06,225.1853248189134,-2067.7078761390035,2620.9136801002765
2016-04-07,1169.752426793747,-1352.2901552334595,3623.814726337247
2016-04-08,1617.651808968908,-801.3305193485602,4149.507176335979
2016-04-09,1340.809811672696,-1124.5287878117367,3882.2962996231417
2016-04-10,1447.868652811563,-1015.438763107458,4056.5092022417775
2016-04-11,1688.7740400574191,-929.5900752678568,4060.0675065830665
2016-04-12,1079.7726535050385,-1398.7886287912022,3554.846423030914
2016-04-13,128.76042389743202,-2472.5433737094477,2538.588008280126
2016-04-14,1094.2392216785124,-1299.7567684116593,3427.2565239743367
2016-04-15,1560.2815167538442,-1120.3908981598938,4163.385947236071
2016-04-16,1298.6050782702348,-1198.9935233958704,3909.891983488474
2016-04-17,1417.7529010847086,-1145.4850650883268,4035.075123054796
2016-04-18,1667.6779262785944,-916.4197087780508,4164.948206526752
2016-04-19,1064.7347827655058,-1330.1393626688962,3454.169071124599
2016-04-20,117.01972600633303,-2332.907571928101,2620.515799005299
2016-04-21,1083.317714668813,-1235.2394717730513,3670.070670529392
2016-04-22,1548.0514961010447,-1161.4475889017237,4056.4641371588327
2016-04-23,1283.345292616762,-1293.4003419343123,3691.2778530801047
2016-04-24,1398.1886011924082,-1277.9793200785987,3755.3277320741245
2016-04-25,1643.0051865236103,-882.214320674992,4230.858386281187
2016-04-26,1034.6289431986754,-1325.1900185937197,3603.92971010744
2016-04-27,81.62825410447886,-2286.011032807505,2442.888148240764
2016-04-28,1043.2382161774512,-1453.4432037649758,3394.371734728117
2016-04-29,1504.2960021388883,-800.9722358691423,4033.903126089522
2016-04-30,1237.292305668105,-1222.956222178643,3622.933577141969
2016-05-01,1351.5246866711386,-1205.6362113332523,3945.986728209809
2016-05-02,1597.6581424146975,-1034.2828056968324,3879.584808573114
2016-05-03,992.6947622849123,-1477.2652387733988,3118.951105086968
2016-05-04,45.29420826095793,-2516.906998433239,2543.085908621972
2016-05-05,1014.7044385239968,-1551.5298487615942,3430.2195374865355
2016-05-06,1485.6979209883589,-963.3825467594016,3784.2513337921523
2016-05-07,1230.6261966747911,-1397.8551673403933,3666.0351474432205
2016-05-08,1358.578460336079,-1261.6101032543659,3665.7546732906876
2016-05-09,1619.9492790514723,-1056.273341352779,3987.744561747995
2016-05-10,1031.417052896195,-1536.3628908849414,3350.0790775189157
2016-05-11,101.27466584159629,-2340.4773160978725,2548.3860460413434
2016-05-12,1088.3714194883055,-1423.9646921751585,3454.6853157392657
2016-05-13,1577.0611507236463,-1000.8694825041331,4150.044309789379
2016-05-14,1339.2690368238864,-1108.343070991487,3754.841053475951
2016-05-15,1483.6623988986505,-685.8534836909628,4162.3230450940455
2016-05-16,1760.2302776677109,-824.3996478401184,4259.022743186898
2016-05-17,1185.2730584748263,-1295.0594411255418,3621.9587229525837
2016-05-18,266.74329471597525,-2137.6297325467217,2697.6673687921793
2016-05-19,1263.19655942486,-1296.8840488365852,3806.1918483579607
2016-05-20,1758.747005680009,-845.2214545014874,4210.523491600347
2016-05-21,1525.139966853189,-1144.257518335387,4071.6347065374594
2016-05-22,1670.9267863510775,-976.2921821663971,4024.0926251088713
2016-05-23,1946.0465832044783,-547.9054457962901,4521.538767184261
2016-05-24,1366.8162167421751,-1004.1937794871313,3873.564861258495
2016-05-25,441.2696388586478,-2239.8039784641715,2894.589851952649
2016-05-26,1428.1055532916162,-1128.2228830587362,3902.7031784531723
2016-05-27,1911.0453382820858,-572.3521859505485,4453.470008361868
2016-05-28,1662.678043494045,-737.2663749631996,4227.099915089741
2016-05-29,1791.849258347031,-571.8420057644275,4281.462469190259
2016-05-30,2048.8274033839816,-368.3339974804596,4445.704827568855
2016-05-31,1450.2846659445577,-1112.3114757360036,3950.932545814459
2016-06-01,504.6269016985059,-2045.5558685879353,3015.0431592962486
2016-06-02,1470.93169780376,-1150.37309066905,3803.046062003475
2016-06-03,1933.8896865918587,-473.7693737931974,4220.719654570004
2016-06-04,1665.861878063274,-836.2095101354153,4014.4166798322804
2016-06-05,1776.0386537411869,-955.9608993553652,4080.2815734134206
2016-06-06,2015.0055832837936,-424.083448790378,4426.789475123407
2016-06-07,1399.7177708365937,-1259.1363976538144,3894.9918984735145
2016-06-08,438.82433967852353,-2012.3774115636875,2821.7754428843245
2016-06-09,1391.6023592921451,-986.0882801835529,3708.1355870303046
2016-06-10,1842.8953710962942,-685.2622255706317,4348.417553418712
2016-06-11,1565.1693065288468,-882.3587222862798,4051.9642125114515
2016-06-12,1667.6714243296803,-830.7201109202178,4377.651088779163
2016-06-13,1900.9973730363715,-610.3541712297397,4394.583335241333
2016-06-14,1282.067993846421,-1130.3566150944764,3655.306169717465
2016-06-15,319.45734783645094,-2119.723043372573,2676.284541866389
2016-06-16,1272.3311193099212,-1131.584466721293,3731.8459034817824
2016-06-17,1725.390376818908,-697.8862504402565,4308.874909688531
2016-06-18,1450.933294643983,-1074.5075635545452,3808.7178964542363
2016-06-19,1558.0202608370207,-717.983934312893,4182.872805916193
2016-06-20,1797.04727370806,-773.6761116132789,4272.271276659304
2016-06-21,1184.7290409483562,-1294.3716362361881,3792.336231047578
2016-06-22,229.4330736489187,-2351.119984918711,2682.9200054050402
2016-06-23,1190.1237502855788,-1293.0674280428357,3776.34266595781
2016-06-24,1651.311175565559,-706.2064480755225,4138.035642814396
2016-06-25,1385.1173046978165,-1186.890212131103,3863.0166768430104
2016-06-26,1500.444654791673,-993.1049179297565,4012.7663646415076
2016-06-27,1747.552431251999,-780.4823838113749,4176.065995883506
2016-06-28,1143.0414410391413,-1262.8646948479836,3644.7770018206966
2016-06-29,195.18907499983447,-2407.407348938301,2861.9028173228335
2016-06-30,1162.8933557281978,-1296.7875019724245,3654.1996233944037
2016-07-01,1630.6209272613164,-778.3306250993218,4156.619631208459
2016-07-02,1370.471535804747,-963.9609814550472,3757.037253089796
2016-07-03,1491.3444259483344,-818.7181282484952,3985.684310040376
2016-07-04,1743.5116027297606,-423.2057420745961,4145.348354809716
2016-07-05,1143.5994693253524,-1244.4696835223133,3714.956334570065
2016-07-06,199.92027055937842,-2135.9126347034808,2590.8089705292527
2016-07-07,1171.41249177167,-1401.711185507178,3677.640465265118
2016-07-08,1642.5852419131106,-799.1761000372038,4091.284946843331
2016-07-09,1385.5793171980565,-1164.0736084587566,3833.2749530935366
2016-07-10,1509.3305125173213,-843.294022195256,3947.335682177559
2016-07-11,1764.1402210438623,-782.0520728780311,4224.763167572386
2016-07-12,1166.6549972054734,-1178.0264911528516,3744.8424203229574
2016-07-13,225.19653058271774,-2354.6375855250635,2739.3850920316054
2016-07-14,1198.7012671932912,-1140.1834334881733,3686.857577881795
2016-07-15,1671.6647299535898,-778.5080193424242,4256.9088222609935
2016-07-16,1416.2032366435972,-1138.0733982278816,3871.7027879207585
2016-07-17,1541.2185513404963,-826.1026847865805,4036.209721950087
2016-07-18,1796.9704903625823,-648.9251181672224,4199.6426665459085
2016-07-19,1200.0590199488995,-1166.2298343308717,3665.1722670237746
2016-07-20,258.75725982457834,-2063.3629648373794,2765.4001635648474
2016-07-21,1231.9544830795992,-1106.1011876066002,3837.8928864653567
2016-07-22,1704.104041752136,-891.7368842664118,4319.981959450158
2016-07-23,1447.2887777137619,-1004.1717992056156,3785.0928016830353
2016-07-24,1570.3893109178334,-1002.0621795363086,3960.0438655425496
2016-07-25,1823.6600814925973,-594.8975130812886,4356.8307473953055
2016-07-26,1223.7145426960192,-1217.7798348128867,3933.7735684609106
2016-07-27,278.8607873628375,-2343.9023291699536,2700.728215534125
2016-07-28,1248.0465800408526,-1270.5514936705401,3786.978491006482
2016-07-29,1715.8086229201128,-897.2254667835695,4310.411838288578
2016-07-30,1454.3385343052284,-946.7421576379285,3889.973339759118
2016-07-31,1572.6508738851282,-951.466410809285,4081.2710947505902
2016-08-01,1821.1580586553482,-743.7507343792486,4191.242289251862
2016-08-02,1216.6535600651644,-1353.8522204591538,3595.288608128957
2016-08-03,267.64468539218683,-2196.7141458367655,2840.6101001617485
2016-08-04,1233.293962198697,-1194.988001318061,3779.1877401235147
2016-08-05,1698.3640257464788,-861.1770118445099,4019.843547036562
2016-08-06,1435.2785831825524,-1154.7326696033454,4068.6367937912096
2016-08-07,1553.2849043551646,-853.2520493377846,4062.536466563032
2016-08-08,1803.0228161608964,-631.659549676621,4300.453011160747
2016-08-09,1201.501737761173,-1181.4970731103865,3704.56767961936
2016-08-10,257.42721610154945,-2169.4847957091692,2566.728963318769
2016-08-11,1230.1361422747118,-1105.7837887028384,3695.9885667113044
2016-08-12,1704.5357112634645,-718.3325480205499,4131.879764545413
2016-08-13,1453.1588578984679,-1035.0713279334034,3800.9639021698767
2016-08-14,1585.3217700583607,-917.218611777859,4119.707482665145
2016-08-15,1851.6885953251797,-494.38987266941547,4367.716904639936
2016-08-16,1269.245002105592,-1283.6737036861336,3850.7053623540733
2016-08-17,346.62215956111163,-2266.66929915834,2666.2192436708183
2016-08-18,1343.0304004535403,-969.2694540463922,3863.1573935954207
2016-08-19,1843.197689405357,-722.1046970111382,4410.820382104305
2016-08-20,1619.4256647092245,-797.3916697940665,4272.461488850159
2016-08-21,1780.748864446596,-732.5090105506506,4197.93798786792
2016-08-22,2077.5022373398733,-349.8107363991375,4592.126719481386
2016-08-23,1526.3167175662215,-937.9954248523912,4048.152611727032
2016-08-24,635.3935700213731,-1667.2751830364364,3225.203096560271
2016-08-25,1663.4982719523991,-952.7937003370504,4186.963002374368
2016-08-26,2194.887360960839,-418.9427223909516,4796.679137657865
2016-08-27,2001.3716899311903,-370.4624750452495,4501.052431064296
2016-08-28,2191.4834061484225,-79.93571963344323,4485.562524319584
2016-08-29,2515.0516104061753,-26.797732911879,4866.779519421685
2016-08-30,1988.188165486905,-650.2846402834576,4541.53180130643
2016-08-31,1118.6250001701087,-1231.6947993621404,3568.5249529940506
2016-09-01,2164.6619335703062,-314.29519320864483,4733.422563935995
2016-09-02,2710.119887435677,257.1067275878531,5211.403697269534
2016-09-03,2526.4119899943703,124.84657582665828,5010.465468705082
2016-09-04,2721.7179135330875,172.62561101049337,5232.168775113998
2016-09-05,3045.566279393929,450.39181210199047,5797.959820247093
2016-09-06,2513.8264911205715,-6.37006865329568,5121.788101518065
2016-09-07,1634.05124827291,-928.9102595966297,4243.190453744804
2016-09-08,2664.4286879476845,120.83924015767171,5084.313664734139
2016-09-09,3188.738960385437,667.7115597123158,5736.628274296186
2016-09-10,2978.4276974114973,545.5970166627341,5405.974485739356
2016-09-11,3141.781687463347,596.2619059147612,5628.606097452882
2016-09-12,3428.511577898012,994.3612962134997,5927.6733960709325
2016-09-13,2854.7429671341715,482.3852511709356,5470.4346557616855
2016-09-14,1928.3571544450306,-731.0234146424815,4571.9927934109455
2016-09-15,2907.94052210044,472.0848677159804,5483.694719627906
2016-09-16,3377.7373946787593,953.3749967684901,5952.022610451434
2016-09-17,3109.7188824320174,739.6148687778596,5533.478254286943
2016-09-18,3212.7530786357884,704.8056475313967,5652.941025630042
2016-09-19,3437.1814948923743,911.7621560144332,6090.8182384826
2016-09-20,2799.8031660456863,283.4663495828404,5317.7550168110465
2016-09-21,1809.2077666416935,-718.379801328433,4132.6526396830595
2016-09-22,2724.7167920699653,275.7648461322744,5340.115066425558
2016-09-23,3131.327731444815,841.274714560681,5464.280676003327
2016-09-24,2801.7738248937485,312.20222183611384,5350.872920223216
2016-09-25,2845.6848643781614,244.43948548676386,5192.3334001205085
2016-09-26,3014.154014759032,465.6228735435706,5522.307271510435
2016-09-27,2324.7121830622023,18.567631118924638,4651.749858244629
2016-09-28,1286.6513781349506,-1168.8535712610415,3764.9623282839248
2016-09-29,2159.956218029539,-329.1192871525269,4653.176514031092
2016-09-30,2530.238620715032,-164.62133331917101,4883.101978147814
2016-10-01,2170.7883833223855,-382.6418771281025,4676.970716236026
2016-10-02,2191.725225873086,-292.2116842077043,4650.887856850496
2016-10-03,2344.557396252096,-397.60469375521035,4957.170660225813
2016-10-04,1647.1484875138747,-848.6666088043066,4040.3357249427822
2016-10-05,609.0340343927767,-1997.8244237019169,3096.6430576618623
2016-10-06,1490.3471839634494,-1105.0833128843665,3932.013313816907
2016-10-07,1876.7485362753707,-663.7821982947047,4236.477488565057
2016-10-08,1541.4731061425448,-936.0070326571522,3913.7077827261446
2016-10-09,1594.479968915597,-954.0429556275192,4104.66171917925
2016-10-10,1787.0098543338872,-773.7026143799676,4223.755547122905
2016-10-11,1136.552418747261,-1246.9766650335666,3672.927665932382
2016-10-12,152.1648389884533,-2178.9083938495833,2662.109029258203
2016-10-13,1093.4010678496825,-1136.1883397666913,3566.4600200077984
2016-10-14,1545.2469457470163,-933.7633936274569,3742.951457927221
2016-10-15,1280.1740039346325,-1290.207721103363,3957.212196152055
2016-10-16,1407.2976309954026,-1232.8091983943552,3839.0931021106258
2016-10-17,1676.9447557803128,-777.0356809533297,4251.131470027181
2016-10-18,1105.6327096670664,-1297.4577949936934,3554.083381564318
2016-10-19,201.40079793366522,-2191.369829710961,2563.0164838337614
2016-10-20,1222.7537725874809,-1432.6178678553395,3795.733670209061
2016-10-21,1753.6122199702306,-866.4034500729291,4300.408754937578
2016-10-22,1565.3824846008704,-952.3983887065643,3872.149922964684
2016-10-23,1766.1315566625308,-539.933657049652,4239.087269755967
2016-10-24,2105.171804613618,-471.89176424370856,4503.580650973581
2016-10-25,1598.0569207467383,-772.4411679408117,4129.336147391847
2016-10-26,751.9302959151285,-1612.431898465004,3413.8743075924544
2016-10-27,1824.4846896001297,-735.3890981902017,4434.170309392677
2016-10-28,2398.9278761934875,35.061354690489175,4837.4155938826725
2016-10-29,2246.066557406006,-354.24128386496653,4757.092600608723
2016-10-30,2473.493645178595,-92.73216903462523,4858.21989764458
2016-10-31,2830.1834897940507,340.552709395786,5263.751911842755
2016-11-01,2331.496138531574,-70.02439890905316,4860.242701874929
2016-11-02,1484.531590687276,-1036.871961724328,3983.2342338558706
2016-11-03,2547.0927043478387,-178.70442965648675,5045.235692151437
2016-11-04,3102.6512714907626,636.2980655284462,5585.200671646884
2016-11-05,2922.429439843978,536.9677965152109,5337.76380227795
2016-11-06,3114.581532278654,587.8012796075091,5621.358333634271
2016-11-07,3428.780846889277,1009.5069708053417,5982.982796533426
2016-11-08,2881.2125962729024,489.87948734458746,5461.60197290891
2016-11-09,1979.9140911021113,-508.18745757313525,4320.126144629868
2016-11-10,2983.721028257887,492.96544962821287,5344.3575863277665
2016-11-11,3477.2146689458305,1138.9518428760416,6076.5544641993065
2016-11-12,3232.782414208071,593.2040221898408,5822.559638433162
2016-11-13,3359.7772126299224,835.98627941746,5856.77105564949
2016-11-14,3609.080815698755,1190.5121247254344,6258.343142482
2016-11-15,2998.0725115402465,597.120991383171,5390.089496365958
2016-11-16,2035.944944768628,-383.817140917134,4640.160090592371
2016-11-17,2982.626405077987,545.066246717421,5452.2909841864275
2016-11-18,3423.704912591384,726.4698840518099,5889.950333827707
2016-11-19,3132.4670731028273,456.05833084291976,5669.641993078344
2016-11-20,3219.0377690418,636.871453584629,5453.445437597017
2016-11-21,3434.9260608408254,1073.5346306407914,5854.975508265357
2016-11-22,2797.979429062973,260.79191795626156,5163.54873140919
2016-11-23,1817.6883386981335,-655.8310767320179,4273.18362886463
2016-11-24,2754.1008300685507,147.7899608869736,5439.868970448931
2016-11-25,3192.742700641086,881.9859840349245,5675.673960078551
2016-11-26,2906.6564783798926,330.2110758504528,5353.343306278191
2016-11-27,3005.545210411259,456.36547311822704,5499.200068946218
2016-11-28,3240.326550113445,808.2398240669906,5617.297441885072
2016-11-29,2628.099105522373,37.04592619428064,5109.710899125015
2016-11-30,1677.4628416299513,-842.6312932134888,4160.0089658245115
2016-12-01,2647.4529487541904,121.36465739933733,5055.72869882192
2016-12-02,3122.482361974824,719.2124178002006,5621.167234928135
2016-12-03,2874.4056735602458,553.5705593635407,5345.713544743881
2016-12-04,3011.6899325751046,520.9855481268963,5279.923780165357
2016-12-05,3283.9972259842484,861.0493405094189,5739.16776188966
2016-12-06,2707.1803685678988,287.01257615825784,5179.09564530087
2016-12-07,1788.6328265010904,-494.7176857095533,4413.221012176818
2016-12-08,2786.251602016181,275.93949717024685,5363.9908532357
2016-12-09,3283.4075787831043,796.7734077838467,5796.270072854297
2016-12-10,3051.035400284116,589.3457251371044,5472.591182381484
2016-12-11,3196.8277380830223,578.4464418236266,5624.171364208307
2016-12-12,3469.838255282624,1096.3190414438448,5945.185717625524
2016-12-13,2885.494066964845,337.15919070375435,5265.863573649386
2016-12-14,1950.958374258184,-660.251246502275,4388.830182510794
2016-12-15,2924.101640791967,416.7900469439607,5676.852613302053
2016-12-16,3388.475552371803,924.4381710865135,5785.48283842655
2016-12-17,3115.401680997562,564.4793292544919,5492.843449643766
2016-12-18,3213.1596722559543,628.7707011245776,5885.098231560597
2016-12-19,3431.5793393183503,801.6752584596748,5794.555947299496
2016-12-20,2787.037659157646,131.38481077895617,5250.415882487858
2016-12-21,1787.8016541796715,-645.6518413824937,4379.137115645975
2016-12-22,2692.9759417790774,184.5133608239571,5262.28662774213
2016-12-23,3087.44970468819,533.1912392387704,5544.109868016029
2016-12-24,2743.955602900598,262.44897551196516,5205.039557705205
2016-12-25,2772.226119651017,228.24042380746653,5241.153190420127
2016-12-26,2923.552456820702,351.9237534235848,5451.610806778364
2016-12-27,2215.7477488361765,-426.9099132658535,4686.47528890893
2016-12-28,1158.4563749273293,-1405.4907960758608,3737.8256524473372
2016-12-29,2012.0689527357154,-528.6327810784477,4498.067712909561
2016-12-30,2362.638551202313,-302.5698019244594,4744.481298099057
2016-12-31,1983.9113935780088,-619.953484945111,4548.970621203446
2017-01-01,1986.4582391869624,-592.6699285055714,4554.45416895149
2017-01-02,2122.2121866420093,-583.5051703786776,4431.130300377106
2017-01-03,1409.415201771331,-953.0425582249907,3874.0048372220263
2017-01-04,357.91559108750494,-2073.937055298916,3031.0209639657987
2017-01-05,1228.0763258979998,-1313.4966566881524,3497.609389869809
2017-01-06,1605.6899577228344,-939.10416955346,3965.9766303843003
2017-01-07,1264.0134702412472,-1174.45017704927,3847.6466440496188
2017-01-08,1312.9092005073735,-1314.7141274355695,3855.8038697878487
2017-01-09,1503.3973832538577,-1180.8628005684131,4152.058709353676
2017-01-10,852.6223117655226,-1714.5768309813109,3454.3959670753648
2017-01-11,-130.82610193053097,-2540.706163209115,2571.830472303855
2017-01-12,812.0239950052118,-1595.5661723068001,3355.1718692141535
2017-01-13,1265.4725778405189,-1183.581788603443,3722.7984002402545
2017-01-14,1001.2164052403111,-1321.1402474001002,3560.5203339817604
2017-01-15,1127.5255012126158,-1433.5048430683285,3526.596220662187
2017-01-16,1393.832173981235,-1076.1791334156908,3943.5779744324186
2017-01-17,815.7337009581479,-1722.3618518610447,3545.1709493274875
2017-01-18,-99.65040721430978,-2557.3017857853174,2411.0587396791457
2017-01-19,905.2919449635847,-1573.3624556598347,3401.5647088408296
2017-01-20,1413.6431575143126,-1100.9953874105452,3910.611275988361
2017-01-21,1196.0528821220728,-1342.2993674692702,3725.7051850586577
2017-01-22,1359.9388537722293,-951.6695596147899,3766.245183286161
2017-01-23,1654.0957310491367,-853.3301326241343,4034.743505889692
2017-01-24,1093.7125900221695,-1297.8224260253294,3655.4980340148154
2017-01-25,185.73962020483032,-2231.832215241712,2691.051690640491
2017-01-26,1187.8622956247382,-1354.8189360372685,3780.530913225924
2017-01-27,1683.4772010659347,-720.0350542042768,4408.4800327281955
2017-01-28,1443.7814102677194,-1011.3714057579164,3978.1416405670698
2017-01-29,1576.9602476651626,-809.7144439523101,4132.023102235337
2017-01-30,1832.7778653425187,-776.6820952768269,4198.84126327472
2017-01-31,1227.571713327225,-1271.9714526954467,3565.389541399087
2017-02-01,269.5920000475255,-2287.1272470791673,2746.606042468971
2017-02-02,1217.94506602298,-1281.8708627954084,3573.9710583192305
2017-02-03,1657.5355867852402,-781.3432540097436,4026.417852480413
2017-02-04,1361.1203054585756,-1205.57969035164,3854.9963335681027
2017-02-05,1438.4589783452382,-1139.7818221698299,3872.3405963233877
2017-02-06,1640.8678440553485,-735.576868032849,4233.268514974298
2017-02-07,986.177578819044,-1478.8533358110824,3591.710964053442
2017-02-08,-15.962296848798815,-2545.6811237680145,2445.349044835478
2017-02-09,894.8271940457043,-1600.582051402724,3404.8594363888824
2017-02-10,1304.5669920924875,-1158.4840080288584,3838.6882989673495
2017-02-11,986.9478010752399,-1464.3588146485476,3407.906878290889
2017-02-12,1052.4594671289728,-1428.3815478803447,3560.6202440615875
2017-02-13,1252.927744134771,-1213.11583084403,3679.3883912845827
2017-02-14,606.4607845216224,-1914.8817517012064,3177.6026263794147
2017-02-15,-377.2524309402261,-2910.113632715882,2282.0129349535173
2017-02-16,561.9681444063892,-2184.012364332696,2959.3274108293126
2017-02-17,1009.7113365364586,-1697.104372177048,3466.772664490113
2017-02-18,739.0131816650176,-1614.5479485182877,2898.424835710187
2017-02-19,859.5020756752168,-1732.5416934118011,3463.0701077060617
2017-02-20,1121.9560404430522,-1238.475836981957,3604.4585500073144
2017-02-21,543.2739263571111,-1864.0142195290323,2963.365165838998
2017-02-22,-368.1978531217692,-2928.864080539823,2091.8576526025927
2017-02-23,646.2761139693221,-1705.5469790424802,3191.2327557250937
2017-02-24,1170.7712784285518,-1153.2689751821833,3455.8979193544487
2017-02-25,976.7762075496878,-1465.0844596620582,3376.443492016185
2017-02-26,1172.3728673821718,-1372.6396692885703,3613.7316445677598
2017-02-27,1506.8286701291522,-1125.3779055420077,4140.121594443158
2017-02-28,995.6012850478343,-1439.4881720485591,3495.7822971218866
2017-03-01,145.69702435318186,-2382.82479043351,2668.5224845789458
2017-03-02,1214.6412446066624,-1338.5714931273942,3750.0113347854203
2017-03-03,1785.4550122696805,-778.7473735402552,4346.43449661814
2017-03-04,1628.7498992680555,-1098.4199260479327,4069.376072585502
2017-03-05,1851.9256107367746,-760.0726887299932,4372.141320422921
2017-03-06,2203.774652488496,-405.9699247776822,4682.735800434799
2017-03-07,1699.4948028575152,-791.9574718037564,4180.161972724954
2017-03-08,846.0500905360867,-1648.8934186894235,3118.365102916817
2017-03-09,1901.1387338256966,-606.2561393893915,4459.106645137491
2017-03-10,2448.1624278404197,-12.101027446133326,4974.451627927173
2017-03-11,2258.309101260604,-267.23397282388987,4813.93408297148
2017-03-12,2439.734210312337,-166.04674625992513,4891.250842777825
2017-03-13,2742.1452422958287,253.60377266495786,5338.040153199569
2017-03-14,2181.7907441693433,-447.42494178813155,4802.85795218852
2017-03-15,1266.795199840612,-1233.1022907393979,3937.638482709532
2017-03-16,2256.0988880108107,-321.488650414422,4679.868360237223
2017-03-17,2734.3978203006363,258.5930539738504,4948.389344577699
2017-03-18,2474.1966125338186,-226.6063129439943,4916.426215479259
2017-03-19,2584.9600877932794,217.56957735910473,5113.669335139681
2017-03-20,2817.6689955923766,390.2448422249988,5309.750350787814
2017-03-21,2189.781838333066,-359.11097667618577,4461.219077335422
2017-03-22,1210.5447514452587,-1397.4560334790094,3627.343748823935
2017-03-23,2139.9091243450425,-279.7827917014278,4660.409830260128
2017-03-24,2563.4525366088033,117.18482107110572,5113.940984717709
2017-03-25,2254.4162461893534,-291.16565261561743,4854.8890987927525
2017-03-26,2322.845313146826,-201.25441579802157,4790.7933738306365
2017-03-27,2520.136923901996,-52.62116617632344,5125.261960523369
2017-03-28,1863.998981067695,-485.2597566499637,4346.278456531832
2017-03-29,863.7608726078171,-1567.314700843458,3382.9953437711083
2017-03-30,1779.2959713294842,-775.9169790381447,4290.000454131912
2017-03-31,2195.9512052183613,-297.3084387359255,4737.740847214341
2017-04-01,1886.5966117674616,-654.1824864661303,4298.705541960664
2017-04-02,1960.7805567121336,-399.78393154513975,4476.859912611379
2017-04-03,2169.295711838089,-326.2400029041434,4489.713419869303
2017-04-04,1529.1573329669538,-930.7711292541954,4004.070141394221
2017-04-05,548.935189184572,-2048.5552421815714,3018.041154908813
2017-04-06,1487.6981083081887,-1148.1939221263858,4088.3735278857566
2017-04-07,1929.9658857696522,-482.9545605602768,4417.468961957124
2017-04-08,1647.780884956059,-881.7468338240848,4108.0089476808425
2017-04-09,1749.8844477649159,-884.4674742350554,4157.76272149014
2017-04-10,1986.3026860727273,-377.4755050204776,4741.362038161177
2017-04-11,1373.3427217983028,-1083.0633509913685,3996.6714290870063
2017-04-12,418.9403150899834,-2237.05837529232,2836.7979009783335
2017-04-13,1381.6175053666966,-1192.3728015278084,3704.5260103407636
2017-04-14,1845.4447507309999,-565.1439767834897,4414.958293360376
2017-04-15,1582.1197156725857,-896.9892974488666,3949.6045299025545
2017-04-16,1700.1477340786653,-806.8475077663143,4442.276600996295
2017-04-17,1949.4285130244377,-409.52447359536495,4318.355762204999
2017-04-18,1346.2502244044058,-1035.506526272594,3874.6046908623002
2017-04-19,398.6320835735819,-2122.212998811254,2975.1410425404674
2017-04-20,1365.2742733509697,-1274.0653495067634,3783.7122696241427
2017-04-21,1830.509998201574,-630.2526455889696,4257.806356672028
2017-04-22,1566.372173808147,-996.5320389508001,3975.908076113879
2017-04-23,1681.7601791945585,-919.4879859353096,4107.433819438141
2017-04-24,1927.011669731613,-510.0559153094003,4405.736559241223
2017-04-25,1318.8810511408003,-1013.1091853970366,3677.837488648062
2017-04-26,365.86617382848885,-2081.996167575374,2833.659410994406
2017-04-27,1327.1425604546516,-1243.1788711044856,3851.270834570663
2017-04-28,1787.5003881018615,-638.447277358233,4146.829236027339
2017-04-29,1519.3971371934806,-885.1550483943646,4088.5971357316366
2017-04-30,1632.111701182707,-904.6780769417812,3982.277777762673
2017-05-01,1876.3052730487018,-607.706079427751,4430.741664203838
2017-05-02,1268.9908696085186,-1189.977529473699,3892.097433448288
2017-05-03,318.8532513847456,-2319.362945890494,2742.473476186351
2017-05-04,1285.1786828308193,-1137.9236233922745,3808.1646467983896
2017-05-05,1752.7898178308978,-708.7587342273505,4313.025256798793
2017-05-06,1494.0986176155166,-1003.3699541057405,4091.2998092372322
2017-05-07,1618.26302373439,-655.86634294436,4194.004900357945
2017-05-08,1875.7525677627673,-566.4918268191645,4552.819384277311
2017-05-09,1283.3245870743438,-1308.8160443419576,3726.446169994208
2017-05-10,349.3525621354661,-2215.783539794784,2920.845750893539
2017-05-11,1332.7657354493376,-1275.5182584346926,3686.621636680902
2017-05-12,1817.9949790137055,-785.0049146718364,4221.354787488782
2017-05-13,1577.037476041482,-900.7769142032835,4001.6732357650308
2017-05-14,1718.6255848508993,-719.2643386527278,4276.843809758855
2017-05-15,1992.8047091865062,-306.2163501598679,4457.818864740773
2017-05-16,1415.9214941620885,-940.9010676974566,4013.613605903938
2017-05-17,495.9635303907621,-2065.025159524655,2943.5808275066242
2017-05-18,1491.509419592297,-1044.5184414167697,3983.4278255867075
2017-05-19,1986.683895978575,-617.334316956769,4511.51487452272
2017-05-20,1753.2303376387315,-821.3006589423022,4119.896497206691
2017-05-21,1899.6858508748583,-575.0369117506312,4271.364431000111
2017-05-22,2175.963617497893,-278.9222385978025,4752.090549897848
2017-05-23,1598.3437430837316,-989.7128809400999,4066.0681759163754
2017-05-24,674.8137616605306,-1782.939409958312,3227.2943615411327
2017-05-25,1664.0176763446837,-952.1322563919837,4262.612073175257
2017-05-26,2150.2083076970716,-271.27474169340036,4579.667787760956
2017-05-27,1905.3154089472498,-463.1091950748162,4389.737830298172
2017-05-28,2038.1148987681806,-714.6918924550849,4591.6781354440045
2017-05-29,2298.80410583355,-130.81153993203728,4858.041187314481
2017-05-30,1703.9844973027004,-782.8060287784085,4110.424431992936
2017-05-31,761.9933028478649,-1576.8214654612837,3236.876447754049
2017-06-01,1731.8431840821588,-827.7792029436905,4328.7243231163
2017-06-02,2198.1649973451576,-216.97174917780652,4559.387799819106
2017-06-03,1933.2663828347393,-473.0552659385583,4335.185678484322
2017-06-04,2046.291794368387,-297.4312736039281,4493.010478829006
2017-06-05,2287.789110009978,-238.25376257736175,4958.214995774561
2017-06-06,1674.6845173780457,-700.6797020158025,4144.587614108117
2017-06-07,715.607276816919,-1658.3141348350448,3150.558018274098
2017-06-08,1669.8236691123855,-964.5786736678069,4221.548815553021
2017-06-09,2122.175294039339,-398.42348361725715,4531.4409119331485
2017-06-10,1845.1345304886308,-734.4812319409713,4358.937218658405
2017-06-11,1947.9628083202806,-653.2427428412818,4534.80392665667
2017-06-12,2181.276826650549,-257.82179514352924,4713.358337432134
2017-06-13,1562.0243666545937,-924.0543052199305,3956.0341034839075
2017-06-14,598.8112190901843,-1858.9289026379217,3100.761276524716
2017-06-15,1550.8384163413032,-905.2828192003943,4178.717298806684
2017-06-16,2002.8447894259382,-310.4102811860305,4330.793818975543
2017-06-17,1727.1674910348274,-849.6630463594512,4339.696189544907
2017-06-18,1832.9059473028644,-583.2365382363462,4587.233626404137
2017-06-19,2070.4941741196144,-367.4412822933682,4532.896659254956
2017-06-20,1456.6829022083832,-920.3834971817889,4046.658662111581
2017-06-21,499.87282874988273,-1906.1378721534911,3027.4889466694476
2017-06-22,1459.0579908694806,-1052.8171702908255,3941.188939225706
2017-06-23,1918.774100352528,-444.375095960042,4347.40706534726
2017-06-24,1651.164318628069,-871.5371635257997,4106.4312322275
2017-06-25,1765.147796015472,-676.7581789261901,4261.815443996696
2017-06-26,2010.9957994148397,-429.1269917836209,4603.621819499544
2017-06-27,1405.3167908671057,-1088.5864964145476,3837.2301201073524
2017-06-28,456.3917244601596,-1939.7185099678613,2728.784330901127
2017-06-29,1423.1185387920657,-1264.1413713033817,3823.7953553154057
2017-06-30,1889.9606979835985,-595.0929308448247,4187.393065203433
2017-07-01,1629.012304402742,-962.4190873291111,4053.7500751668
2017-07-02,1749.165179225161,-723.7311216345909,4117.127177791999
2017-07-03,2000.6828320435475,-371.6164412748259,4330.031001674024
2017-07-04,1400.1827999804573,-1098.072804914356,3859.195254298834
2017-07-05,455.9687582746151,-2123.508778144154,2803.0861715307587
2017-07-06,1426.9715254818782,-1100.6457148378781,4013.921734652822
2017-07-07,1897.6939686207568,-609.1531292834566,4339.3080092430055
2017-07-08,1640.2724846211147,-863.5010012721189,4165.492098624178
2017-07-09,1763.6406031203394,-649.9597725802815,4187.813457471041
2017-07-10,2018.0997714448788,-448.7092295724987,4607.938273792169
2017-07-11,1420.298927853246,-1095.4610282048452,4035.947264433436
2017-07-12,478.5643725862476,-2001.8948957204707,3085.252843414598
2017-07-13,1451.8391459652064,-1128.7339568218088,3763.8738104695085
2017-07-14,1924.6269807530712,-470.12835340952586,4404.593928189564
2017-07-15,1669.053540964981,-920.3916652147338,4243.208118774738
2017-07-16,1794.0305010423376,-537.5382252408997,4314.845077885666
2017-07-17,2049.8275079336954,-429.99164926435367,4402.7008587855835
2017-07-18,1453.0535876254505,-927.9477355534434,4096.561765693909
2017-07-19,511.98943650713727,-1996.3708147191105,3045.042868198833
2017-07-20,1485.529715490519,-965.1184042549168,4113.556418856366
2017-07-21,1958.130303737431,-716.9932098990196,4278.33134399743
2017-07-22,1701.8730986537269,-753.0677319767242,4191.5348968483095
2017-07-23,1825.6337794086817,-694.146571083659,4477.532418637043
2017-07-24,2079.657433447985,-474.6661640516743,4471.568169476553
2017-07-25,1480.543462766638,-1025.7291213174808,3907.514674191081
2017-07-26,536.5810684830246,-1899.86281441131,3073.7677919934376
2017-07-27,1506.6942976237365,-1180.8878993121507,4057.3790070876503
2017-07-28,1975.391486985123,-438.24417326859657,4257.089766808868
2017-07-29,1714.8315848882557,-957.6790843723312,4310.507742863623
2017-07-30,1833.9926818096337,-662.7026480398732,4370.942294921336
2017-07-31,2083.24758565925,-421.16283152730693,4704.858949805032
2017-08-01,1479.3478192885627,-1044.524949654468,4038.096510638465
2017-08-02,530.7573258293232,-1922.965123804437,3034.5406424689013
2017-08-03,1496.5948793404236,-1074.0500917251652,4038.157903221757
2017-08-04,1961.5800758931,-464.21332040001266,4365.4608753963885
2017-08-05,1698.0954514336759,-682.3123741127932,4159.594346653925
2017-08-06,1815.3501470348897,-767.2113918151167,4148.5157416601605
2017-08-07,2063.9500678765253,-542.3493821386451,4438.712555744927
2017-08-08,1460.8760426783965,-1086.8409417968687,3715.7940197009007
2017-08-09,514.8114128482177,-2155.463988133353,3054.223558238421
2017-08-10,1485.0782032032566,-1152.8171372777401,4160.302682702763
2017-08-11,1956.5769102490792,-520.920976558159,4717.353316694518
2017-08-12,1701.8426171454632,-798.4239928471092,4113.782766092579
2017-08-13,1830.203016299688,-679.3379985081782,4393.4701882189065
2017-08-14,2092.343439500248,-376.5192018443281,4495.183913024849
2017-08-15,1505.2805449214477,-1114.6498186841138,4011.4900861801875
2017-08-16,577.6862181294466,-1826.0681901001622,2981.7223264834943
2017-08-17,1568.8209489259991,-985.8672040481111,4052.4957364779575
2017-08-18,2063.471808974312,-443.73456184440545,4512.045034074537
2017-08-19,1834.0078055121285,-655.143787570736,4506.412091834564
2017-08-20,1989.5382335352538,-396.09201644172595,4590.459687175792
2017-08-21,2280.47914258438,-75.15461533710523,4910.1344825470815
2017-08-22,1723.5295579558958,-737.860844886658,4330.675804112768
2017-08-23,826.9989791093165,-1695.176679856847,3322.5258065974176
2017-08-24,1849.7453586403644,-439.19945618905297,4383.991631593814
2017-08-25,2376.118606341531,-242.90255572431164,4639.390194640744
2017-08-26,2178.0222932190336,-453.67475843421437,4648.844769919223
2017-08-27,2364.0790602993375,-187.91764177340553,4799.7834387478215
2017-08-28,2684.204716663137,111.22719465154584,4666.849360903864
2017-08-29,2154.5925240901474,-481.6481660901489,4640.296669520785
2017-08-30,1283.0490412209208,-1036.370104180793,3841.7771226419713
2017-08-31,2327.9405769725554,-391.7053039626088,4981.511808843619
2017-09-01,2873.1451437132246,276.6272781790262,5532.448432301464
2017-09-02,2690.1224338919696,305.3031973768851,5151.540668090658
2017-09-03,2887.087179877208,438.6211171915032,5466.919422847772
2017-09-04,3213.590745016335,755.329049888081,5681.479682564111
2017-09-05,2685.512318048034,337.6667038957395,5296.062996118425
2017-09-06,1810.400971612761,-576.2190146850736,4268.191377344438
2017-09-07,2846.4275371281474,371.96661719561325,5212.913301981504
2017-09-08,3377.3411046813744,925.6334403709195,5873.10509810624
2017-09-09,3174.5426062800834,624.7456614339743,5622.255606057482
2017-09-10,3346.2607932672668,855.1072489767653,5690.729844218684
2017-09-11,3642.135423425646,980.9508964832986,6003.036741249764
2017-09-12,3078.209013109324,825.2292480550311,5530.5589598518345
2017-09-13,2162.2684134186775,-499.65649561620785,4694.4592360172055
2017-09-14,3152.795174666211,530.1109742145004,5643.419953271122
2017-09-15,3633.9195325178953,1057.4531436105876,6048.206928067974
2017-09-16,3377.4905100384103,945.1558179832451,6154.978139564492
2017-09-17,3492.247492231737,871.9827102990298,6000.616597740155
2017-09-18,3728.3981429498253,1283.9581088963516,6201.119028856063
2017-09-19,3102.6040810956893,600.1657263725126,5612.469067504874
2017-09-20,2123.315642844453,-313.12268222340185,4513.422648537754
2017-09-21,3049.714767112151,595.2885232047413,5346.628417187773
2017-09-22,3466.6609150583963,1107.2477622285885,6026.804468257459
2017-09-23,3146.752599134974,505.2484189484011,5671.916613152598
2017-09-24,3199.489963238016,685.042575917072,5892.5862774175575
2017-09-25,3375.843372154701,838.5555967599365,5880.595326419323
2017-09-26,2693.2295190566374,254.24397575313526,5223.98396935181
2017-09-27,1660.8364731994618,-776.814550882638,4096.413219621493
2017-09-28,2538.5568042454265,111.87714901357106,4922.184994406543
2017-09-29,2911.9237972611963,421.9766196483873,5346.24301569814
2017-09-30,2554.1634412817393,187.72975868116106,5017.678416104365
2017-10-01,2575.3477446321417,279.37758466452595,5143.5452915503
2017-10-02,2726.954450864031,484.68218391791237,5191.687010528702
2017-10-03,2026.8347834979372,-388.7746500899216,4342.698144086973
2017-10-04,984.5307640545917,-1449.0460708637693,3407.4030974709863
2017-10-05,1860.2013643305384,-710.3595694613128,4426.46712721582
2017-10-06,2239.552631882834,-156.91798970773868,4817.071056183128
2017-10-07,1895.88459576012,-636.7421092862138,4387.904453972142
2017-10-08,1939.240626316615,-492.9464429630122,4410.8638692517
2017-10-09,2120.9644381761454,-59.84283189987438,4735.8100892197
2017-10-10,1458.6664711336261,-980.7143078086823,4086.2659129412646
2017-10-11,461.54128878560937,-1951.7937784094145,2989.1068306818515
2017-10-12,1389.2953363600423,-985.4310704475589,3794.9781911468012
2017-10-13,1827.080259372064,-710.8389409917299,4223.287327842388
2017-10-14,1547.5446315533893,-916.4755011870092,3913.8803121181645
2017-10-15,1659.9897829338724,-847.7105089902944,4220.372236552479
2017-10-16,1914.9349069647446,-503.03835608749205,4413.304644174526
2017-10-17,1329.0931414644267,-1295.5085891825258,3761.7448598782366
2017-10-18,410.7001913811523,-2124.4956493476416,3043.564761245823
2017-10-19,1418.4547297413592,-802.4116214149474,3936.0557378406124
2017-10-20,1936.46563940924,-451.01588101933856,4409.10409190185
2017-10-21,1736.318771096853,-610.064105679907,4335.798978497853
2017-10-22,1926.2487026815522,-555.9728394268255,4282.839170638168
2017-10-23,2255.720441675767,-324.3690724950641,4593.205510113174
2017-10-24,1740.4225005338762,-887.6501205351503,4393.324617637237
2017-10-25,887.6126230349851,-1611.6424493786392,3278.3978633852976
2017-10-26,1955.075088794296,-615.5135245010508,4321.390782939371
2017-10-27,2526.08433481013,175.84476470475158,5166.688306510168
2017-10-28,2371.4872380474567,-21.709184820540326,4900.3071751719235
2017-10-29,2598.88921158996,354.8061203842847,5195.513172687203
2017-10-30,2957.248730359366,498.80047765929226,5497.275799741763
2017-10-31,2461.88140445555,-129.28461185887707,5057.640066250257
2017-11-01,1619.8145891148922,-842.9143670920835,4036.8487862093193
2017-11-02,2688.7511991376778,407.9757992256447,5196.259577158154
2017-11-03,3252.037245369808,783.5412674244307,5820.093082636449
2017-11-04,3080.745260689765,526.6439036261991,5733.070197292067
2017-11-05,3282.8586428189374,766.0698677524442,5830.473230667355
2017-11-06,3607.8614614543517,1188.7268189952601,6140.229234841489
2017-11-07,3071.7348404027025,597.0680967362293,5485.885685092919
2017-11-08,2182.300960545206,-248.3707588300162,4885.080498920737
2017-11-09,3198.173474146739,870.9322383727198,5783.545774361757
2017-11-10,3703.709036766383,1063.0094907797004,6219.774874033997
2017-11-11,3471.072377262508,941.2338230641296,5973.335268540097
2017-11-12,3609.4002476408623,1126.198378992507,6197.614544242495
2017-11-13,3869.369171064575,1239.2600464918717,6442.06203100718
2017-11-14,3268.1685196673407,764.7165227475022,5905.403705525974
2017-11-15,2314.8204310511937,-335.50412115237145,4852.405701016945
2017-11-16,3269.1058500513464,827.2846933582254,5806.906296899188
2017-11-17,3716.4919204309126,1250.0479428594776,6128.131452342199
2017-11-18,3430.1736765935043,830.8352820522139,5892.085563144926
2017-11-19,3520.2159056600335,1018.9504710698054,6081.361789891407
2017-11-20,3738.1006132490543,1359.260529524343,6303.600255056597
2017-11-21,3101.6821136324816,675.1674891136732,5615.939195233315
2017-11-22,2120.491703625535,-363.7286260723322,4665.2767452536755
2017-11-23,3054.6516069276113,395.599234468335,5432.943404200239
2017-11-24,3489.7937523713904,1258.3628505307918,6095.995447427166
2017-11-25,3199.0966037079625,631.0213436186139,5731.73837784593
2017-11-26,3292.426099184303,773.7230672502349,5757.466006828343
2017-11-27,3520.886235870387,1058.4456748187602,5889.908772146504
2017-11-28,2901.781329861868,394.8397705792066,5293.397233745749
2017-11-29,1943.9318284673382,-563.3969144033134,4317.12664231924
2017-11-30,2906.6031835179756,427.28091592072667,5476.211697830802
2017-12-01,3374.4430794694363,1036.591289152981,5947.593453649088
2017-12-02,3119.539875818877,550.4695882477205,5439.68991808117
2017-12-03,3250.5878824510596,875.1276258325362,5702.81019417758
2017-12-04,3517.464490036876,973.8108433259571,6093.480887495271
2017-12-05,2936.2206114640176,669.7169262960605,5470.228329551881
2017-12-06,2014.4256852761644,-591.4561723853991,4534.559837798038
2017-12-07,3010.126089104829,272.22542212958035,5393.333059492361
2017-12-08,3506.8115748328164,1059.6152909635957,5880.211470460514
2017-12-09,3275.50189821991,887.0829270274343,5576.318178651758
2017-12-10,3423.938586478503,872.6373303074465,5883.110989041354
2017-12-11,3701.1862190310603,1328.2606962536129,6120.319316727003
2017-12-12,3122.644074870912,810.6295767822916,5764.302083427566
2017-12-13,2195.4088547383553,-201.37169624211464,4773.324493246681
2017-12-14,3177.2468573741885,834.1526925653701,5715.007807714854
2017-12-15,3651.569839455966,1105.4590143048697,6193.4173019386335
2017-12-16,3389.526447390784,894.5075238144392,5881.337234113673
2017-12-17,3499.1939857338643,1040.678091581637,5888.553365202356
2017-12-18,3730.1748309359587,1338.7776733948372,6058.631438856447
2017-12-19,3098.5983927276147,629.8746242028823,5510.009736130608
2017-12-20,2112.4694963362863,-365.3970923725421,4719.158302307622
2017-12-21,3030.6218436422096,442.99277237994664,5590.710626133382
2017-12-22,3437.6711704839045,973.456064092864,5705.848118261393
2017-12-23,3106.0804767402738,408.4810302844768,5677.48803018269
2017-12-24,3145.32267282738,630.2195691202188,5586.533748330298
2017-12-25,3306.4456077499526,837.2641120277273,5769.441124518919
2017-12-26,2607.041099973291,213.48679582893715,5221.197714950269
2017-12-27,1556.5596091642092,-813.992719273117,3960.7817207971434
2017-12-28,2415.229999487064,-172.93366833976276,4923.862130318653
2017-12-29,2768.9798131001553,534.3341662527818,5165.256823239682
2017-12-30,2391.4692211137117,-261.28020132130064,4912.554565173409
